league_id,week,hour,minutes,HT,AT,HLS,ALS,HL2S,AL2S,HL3S,AL3S,HL4S,AL4S,HL5S,AL5S,hl_stat,al_stat,hl2_stat,al2_stat,hl3_stat,al3_stat,ht_points,at_points,ht_pos,at_pos
6095,5,13,0,EVE,BOU,0,0,2,1,2,0,1,2,1,2,D,D,W,D,W,L,7,4,4,7
6095,5,13,0,LEI,LEE,2,1,0,3,5,0,0,0,2,2,W,L,L,W,W,L,9,4,3,7
6095,5,13,0,CRY,NWC,1,1,1,1,1,0,0,1,3,2,D,D,L,L,D,L,5,7,6,4
6095,5,13,0,FUL,LIV,1,4,0,1,0,4,0,3,0,3,L,W,L,W,D,W,2,15,9,1
6095,5,13,0,ASV,WHU,1,2,2,2,4,1,2,2,2,1,L,W,W,W,W,L,9,9,3,3
6095,5,13,0,BRN,MNC,0,0,0,0,0,2,0,4,0,2,D,D,L,D,L,L,2,8,9,4
6095,5,13,0,SOU,MNU,0,4,2,2,2,1,2,3,0,3,L,W,L,W,W,W,4,13,7,2
6095,5,13,0,TOT,FOR,2,1,0,1,0,0,1,0,1,1,W,L,L,W,D,L,7,3,5,8
6095,5,13,0,WOL,CHE,2,2,1,1,1,0,0,1,0,3,D,D,D,W,W,L,6,8,6,4
6095,5,13,0,BRI,ARS,1,5,0,1,1,1,1,4,1,0,L,W,D,L,W,D,7,8,5,4
6095,6,13,2,NWC,ASV,0,2,1,1,1,2,0,4,1,2,L,W,D,L,L,W,7,12,6,3
6095,6,13,2,SOU,LEI,0,0,0,2,2,0,2,5,2,0,D,D,L,W,L,L,5,10,9,4
6095,6,13,2,ARS,BRN,1,0,5,0,1,0,1,0,4,0,W,L,W,D,L,L,11,2,4,13
6095,6,13,2,MNC,TOT,1,1,0,2,0,0,2,0,4,1,D,D,D,W,D,L,9,8,6,7
6095,6,13,2,BOU,CRY,2,0,0,1,1,1,0,1,2,0,W,L,D,D,D,L,7,5,8,10
6095,6,13,2,LEE,WOL,1,2,1,2,3,1,0,1,0,0,L,W,L,D,W,D,4,9,10,6
6095,6,13,2,FOR,FUL,1,0,1,1,1,0,0,0,0,0,W,L,L,L,W,L,6,2,9,12
6095,6,13,2,WHU,BRI,2,0,2,1,2,0,1,1,2,1,W,L,W,L,W,D,12,7,3,8
6095,6,13,2,MNU,LIV,2,0,4,4,2,1,1,4,3,3,W,L,W,W,W,W,16,15,1,2
6095,6,13,2,CHE,EVE,1,1,2,0,1,2,0,2,1,1,D,D,D,D,W,W,9,8,6,7
6095,7,13,4,WOL,SOU,1,0,2,0,2,0,1,2,1,2,W,L,W,D,D,L,12,5,3,10
6095,7,13,4,LEI,MNU,0,2,0,2,2,4,0,2,5,1,L,W,D,W,W,W,10,19,5,1
6095,7,13,4,LIV,FOR,1,1,0,1,4,1,1,1,4,0,D,D,L,W,W,L,16,7,2,8
6095,7,13,4,EVE,LEE,0,0,1,1,0,1,2,3,2,0,D,D,D,L,D,L,9,5,6,9
6095,7,13,4,CRY,CHE,1,1,0,1,1,2,1,1,1,0,D,D,L,D,D,D,6,10,9,5
6095,7,13,4,ASV,BOU,2,1,2,2,1,0,2,1,4,0,W,L,W,W,L,D,15,7,3,9
6095,7,13,4,FUL,MNC,0,4,0,1,1,0,0,0,0,2,L,W,L,D,L,D,2,12,12,4
6095,7,13,4,BRN,WHU,1,0,0,2,0,2,0,2,0,1,W,L,L,W,D,W,5,12,11,4
6095,7,13,4,BRI,NWC,3,2,0,0,1,1,0,1,1,0,W,L,L,L,L,D,10,7,6,9
6095,7,13,4,TOT,ARS,4,0,1,1,2,5,0,1,0,1,W,L,D,W,W,W,11,11,5,5
6095,8,13,6,SOU,EVE,1,2,0,0,0,1,0,0,2,2,L,W,L,D,D,D,5,12,9,4
6095,8,13,6,BOU,BRI,0,4,1,3,2,0,0,1,1,0,L,W,L,W,W,L,7,13,8,4
6095,8,13,6,LEE,CRY,1,0,0,1,1,0,1,1,3,1,W,L,D,D,L,L,8,6,8,10
6095,8,13,6,NWC,BRN,2,1,2,1,0,0,1,0,1,0,W,L,L,W,L,L,10,5,7,11
6095,8,13,6,WHU,TOT,1,2,0,4,2,1,2,2,2,0,L,W,L,W,W,D,12,14,6,4
6095,8,13,6,LEI,WOL,2,3,0,1,0,2,2,2,0,1,L,W,L,W,D,W,10,15,8,3
6095,8,13,6,MNU,FOR,0,2,2,1,2,1,4,1,2,1,L,W,W,D,W,W,19,10,1,8
6095,8,13,6,MNC,LIV,1,1,4,1,1,0,0,4,0,1,D,D,W,D,D,L,13,17,5,2
6095,8,13,6,CHE,ASV,0,0,1,2,1,2,2,1,1,2,D,D,D,W,D,W,11,16,8,3
6095,8,13,6,ARS,FUL,2,2,0,0,1,0,5,1,1,0,D,D,L,L,W,L,12,3,7,14
6095,9,13,8,BRI,CHE,1,3,4,0,3,1,0,1,1,2,L,W,W,D,W,D,13,14,6,5
6095,9,13,8,EVE,LEI,1,2,2,2,0,0,1,0,0,2,L,W,W,L,D,L,12,13,7,6
6095,9,13,8,LIV,ARS,2,1,1,2,1,0,0,1,4,5,W,L,D,D,D,L,20,12,1,7
6095,9,13,8,FOR,MNC,2,3,2,1,1,4,1,1,1,0,L,W,W,D,D,W,10,16,8,3
6095,9,13,8,ASV,LEE,3,2,0,1,2,0,2,1,1,1,W,L,D,W,W,D,19,8,2,9
6095,9,13,8,FUL,WHU,0,1,2,1,0,0,0,2,1,2,L,W,D,L,L,L,3,15,13,4
6095,9,13,8,BRN,BOU,2,2,1,0,1,1,0,2,0,0,D,D,L,L,W,L,6,8,10,9
6095,9,13,8,CRY,SOU,1,0,0,1,1,0,0,0,1,0,W,L,L,L,D,L,9,5,9,12
6095,9,13,8,TOT,NWC,0,1,2,2,4,2,1,0,2,1,L,W,W,W,W,L,14,13,5,6
6095,9,13,8,WOL,MNU,1,3,3,0,1,2,2,2,2,4,L,W,W,L,W,W,15,22,5,1
6095,10,13,10,NWC,FUL,2,0,1,0,2,2,2,0,0,0,W,L,W,L,W,D,16,3,4,14
6095,10,13,10,SOU,ASV,2,1,0,3,1,0,0,2,0,2,W,L,L,W,L,D,8,19,11,3
6095,10,13,10,BOU,TOT,0,2,2,0,0,2,1,4,2,1,L,W,D,L,L,W,8,17,12,4
6095,10,13,10,ARS,FOR,3,1,1,2,2,2,0,1,1,1,W,L,L,L,D,W,15,10,6,10
6095,10,13,10,MNU,MNC,2,1,3,3,0,1,2,4,2,1,W,L,W,W,L,D,25,16,1,5
6095,10,13,10,WOL,EVE,0,0,1,1,3,2,1,0,2,1,D,D,L,L,W,W,16,13,5,8
6095,10,13,10,LEI,CRY,2,0,2,1,2,0,0,1,0,0,W,L,W,W,L,L,16,9,5,10
6095,10,13,10,WHU,LIV,2,2,1,2,1,1,0,1,2,0,D,D,W,W,L,D,16,21,5,2
6095,10,13,10,CHE,BRN,4,1,3,2,0,1,1,1,1,0,W,L,W,D,D,L,17,6,4,11
6095,10,13,10,LEE,BRI,0,1,2,1,1,4,0,3,1,0,L,W,L,L,W,W,8,16,10,5
6095,11,13,12,FUL,BOU,1,1,0,0,0,2,2,0,0,1,D,D,L,L,L,D,4,9,12,9
6095,11,13,12,EVE,MNU,1,5,0,2,1,3,2,0,0,2,L,W,D,W,L,W,13,28,7,1
6095,11,13,12,CRY,WOL,4,1,0,0,1,1,0,3,1,1,W,L,L,D,W,L,12,16,8,5
6095,11,13,12,TOT,CHE,0,0,2,4,0,3,2,0,4,1,D,D,W,W,L,W,18,18,4,4
6095,11,13,12,MNC,ARS,0,0,1,3,3,1,1,2,4,0,D,D,L,W,W,L,17,16,5,6
6095,11,13,12,ASV,LEI,2,1,1,2,3,2,0,2,2,0,W,L,L,W,W,W,22,16,2,6
6095,11,13,12,LIV,NWC,1,0,2,2,2,1,1,2,1,2,W,L,D,W,W,W,24,16,2,6
6095,11,13,12,BRN,LEE,2,2,1,0,2,2,1,1,1,0,D,D,L,L,D,L,7,9,12,10
6095,11,13,12,FOR,WHU,0,1,1,2,2,1,2,1,1,0,L,W,L,D,L,W,10,19,10,4
6095,11,13,12,BRI,SOU,3,0,1,2,1,0,4,1,3,0,W,L,W,W,L,L,19,8,4,12
6095,12,13,14,LEI,BRI,2,0,1,3,2,1,2,1,2,4,W,L,L,W,W,W,19,19,4,4
6095,12,13,14,BOU,LIV,1,2,1,1,0,2,2,2,0,1,L,W,D,W,L,D,9,27,11,2
6095,12,13,14,CHE,FUL,3,2,0,1,4,0,3,0,0,2,W,L,D,D,W,L,21,4,4,15
6095,12,13,14,EVE,CRY,3,2,1,4,0,0,1,1,2,0,W,L,L,W,D,L,16,12,8,9
6095,12,13,14,WHU,MNC,0,3,1,0,2,1,1,3,1,1,L,W,W,D,D,L,19,20,6,5
6095,12,13,14,NWC,FOR,2,1,0,0,2,1,1,2,2,2,W,L,L,L,W,L,19,10,6,10
6095,12,13,14,MNU,ARS,2,0,5,0,2,3,3,1,0,2,W,L,W,D,W,W,31,16,1,8
6095,12,13,14,SOU,BRN,1,0,0,2,2,1,0,2,1,1,W,L,L,D,W,L,11,7,10,13
6095,12,13,14,WOL,ASV,2,0,1,2,0,1,1,3,3,0,W,L,L,W,D,L,19,22,6,3
6095,12,13,14,LEE,TOT,0,0,2,0,0,2,2,0,1,2,D,D,D,D,L,W,10,19,10,6
6095,13,13,16,ASV,EVE,0,0,0,3,2,1,1,0,3,1,D,D,L,W,W,L,23,17,3,7
6095,13,13,16,BRI,WOL,1,2,0,2,3,1,1,0,1,1,L,W,L,W,W,L,19,22,7,4
6095,13,13,16,LIV,CHE,0,1,2,3,1,0,2,4,2,3,L,W,W,W,W,D,27,24,2,3
6095,13,13,16,FUL,LEE,1,2,2,0,1,2,0,0,0,2,L,W,L,D,D,D,4,13,16,10
6095,13,13,16,TOT,SOU,1,1,0,1,0,0,2,2,0,0,D,D,D,W,D,L,20,12,6,11
6095,13,13,16,FOR,BOU,1,2,1,1,0,1,1,0,2,2,L,W,L,L,L,D,10,12,12,11
6095,13,13,16,MNC,NWC,3,1,3,2,0,0,1,2,3,1,W,L,W,W,D,L,23,19,4,7
6095,13,13,16,CRY,MNU,2,2,2,2,4,5,0,2,1,3,D,D,L,W,W,W,13,32,10,1
6095,13,13,16,BRN,LEI,3,1,0,2,2,1,1,2,2,2,W,L,L,W,D,L,10,19,12,7
6095,13,13,16,ARS,WHU,2,4,0,0,0,1,3,2,1,1,L,W,L,L,D,W,16,22,9,5
6095,14,13,18,CRY,ASV,2,1,2,0,2,0,4,2,0,1,W,L,D,D,L,L,16,23,9,4
6095,14,13,18,CHE,FOR,3,2,1,1,3,1,0,0,4,1,W,L,W,L,W,L,27,10,2,11
6095,14,13,18,NWC,ARS,2,0,1,2,2,0,0,0,2,3,W,L,L,L,W,L,22,16,4,8
6095,14,13,18,LEI,TOT,0,0,1,1,2,0,1,0,2,2,D,D,L,D,W,D,20,21,6,5
6095,14,13,18,MNU,WHU,1,2,2,4,2,0,5,1,2,2,L,W,D,W,W,L,32,25,1,3
6095,14,13,18,SOU,FUL,0,1,1,1,1,2,0,1,2,0,L,W,D,L,W,L,12,7,12,14
6095,14,13,18,WOL,BRN,2,2,2,3,2,0,1,2,0,1,D,D,W,W,W,L,23,11,4,13
6095,14,13,18,EVE,BRI,0,2,0,1,3,0,1,3,0,1,L,W,D,L,W,L,17,22,8,5
6095,14,13,18,LEE,LIV,1,3,2,0,0,2,2,1,0,2,L,W,W,L,D,W,13,30,11,2
6095,14,13,18,BOU,MNC,0,1,2,3,1,3,1,0,0,1,L,W,W,W,L,W,12,26,13,4
6095,15,13,20,BRN,EVE,0,0,2,0,3,0,0,3,2,1,D,D,D,L,W,D,12,18,13,10
6095,15,13,20,BRI,CRY,2,0,2,2,1,2,0,2,3,4,W,L,W,W,L,D,25,16,5,11
6095,15,13,20,LIV,SOU,3,1,3,0,0,1,2,1,1,0,W,L,W,L,L,D,33,12,1,13
6095,15,13,20,ASV,MNU,2,1,1,1,0,2,0,2,2,5,W,L,L,L,D,D,26,32,4,2
6095,15,13,20,ARS,BOU,1,1,0,0,2,2,0,1,0,1,D,D,L,L,L,W,17,13,11,13
6095,15,13,20,FUL,LEI,0,2,1,0,1,1,2,2,1,1,L,W,W,D,L,L,7,23,15,6
6095,15,13,20,MNC,CHE,0,1,1,3,3,1,3,3,0,0,L,W,W,W,W,W,26,30,4,3
6095,15,13,20,WHU,NWC,2,4,2,2,4,1,0,2,1,0,L,W,W,W,W,L,25,25,5,5
6095,15,13,20,TOT,WOL,1,1,0,2,1,2,0,2,0,1,D,D,D,D,D,W,22,24,8,6
6095,15,13,20,FOR,LEE,1,1,2,1,1,2,1,0,0,2,D,D,L,L,L,W,11,14,15,12
6095,16,13,22,ASV,BRI,0,1,2,2,1,2,0,1,0,0,L,W,W,W,L,W,26,28,5,4
6095,16,13,22,CRY,BRN,2,0,0,0,2,2,2,3,2,0,W,L,L,D,W,D,19,12,10,15
6095,16,13,22,SOU,FOR,0,1,1,1,0,2,1,1,1,1,L,W,L,D,L,L,12,14,15,13
6095,16,13,22,EVE,TOT,2,2,0,1,0,0,0,1,3,0,D,D,D,D,L,D,19,23,9,8
6095,16,13,22,WOL,FUL,2,0,1,0,2,1,2,1,2,2,W,L,D,L,D,W,27,7,5,14
6095,16,13,22,LEE,MNC,0,2,1,0,1,1,2,3,0,3,L,W,D,L,L,W,14,29,12,4
6095,16,13,22,CHE,ARS,2,3,1,1,3,0,1,2,3,0,L,W,W,D,W,L,30,20,3,10
6095,16,13,22,BOU,WHU,2,2,1,2,0,2,2,4,1,0,D,D,D,L,L,W,14,26,12,7
6095,16,13,22,MNU,NWC,2,1,1,4,1,2,2,1,2,2,W,L,L,W,L,W,35,25,1,8
6095,16,13,22,LEI,LIV,1,4,2,3,0,3,1,0,2,2,L,W,W,W,D,W,23,36,9,1
6095,17,13,24,ARS,LEE,0,0,3,0,1,1,0,1,2,2,D,D,W,L,D,D,21,15,10,12
6095,17,13,24,FUL,EVE,2,2,0,2,0,0,1,0,1,0,D,D,L,D,L,D,8,20,16,11
6095,17,13,24,BRN,ASV,4,1,0,0,0,2,2,1,3,0,W,L,L,L,D,W,15,26,13,7
6095,17,13,24,LIV,WOL,4,1,4,2,3,1,3,2,0,2,W,L,W,W,W,D,39,27,1,6
6095,17,13,24,BRI,MNU,1,1,1,2,2,1,2,1,1,2,D,D,W,W,W,L,29,36,4,2
6095,17,13,24,TOT,CRY,0,0,2,2,1,0,0,2,1,2,D,D,D,W,D,L,24,20,8,11
6095,17,13,24,WHU,CHE,1,1,2,2,2,1,2,3,4,1,D,D,D,L,L,W,27,31,5,3
6095,17,13,24,FOR,LEI,1,0,1,1,1,2,2,0,1,1,W,L,W,L,D,W,17,23,12,9
6095,17,13,24,MNC,SOU,0,0,2,0,0,1,1,0,3,1,D,D,W,L,L,L,30,13,4,16
6095,17,13,24,NWC,BOU,1,2,1,2,4,1,2,0,1,2,L,W,L,D,W,D,25,17,8,13
6095,18,13,26,CRY,FUL,1,1,0,2,2,0,0,0,2,1,D,D,D,D,W,L,21,9,11,16
6095,18,13,26,CHE,NWC,1,3,1,1,2,1,1,4,3,2,L,W,D,L,L,L,31,28,3,6
6095,18,13,26,MNU,BOU,3,0,1,2,2,2,1,1,1,0,W,L,D,W,W,D,39,17,1,12
6095,18,13,26,ASV,TOT,2,2,1,0,0,2,2,1,1,0,D,D,L,D,L,D,27,25,6,7
6095,18,13,26,BRI,BRN,3,0,1,4,1,0,2,0,2,2,W,L,D,W,W,L,32,15,2,12
6095,18,13,26,WOL,FOR,1,1,1,1,2,1,1,1,2,2,D,D,L,W,W,W,28,18,5,11
6095,18,13,26,LEE,WHU,0,2,0,1,0,2,1,2,1,2,L,W,D,D,L,D,15,30,13,4
6095,18,13,26,LEI,MNC,1,1,0,0,1,2,2,0,0,1,D,D,L,D,L,W,24,31,8,3
6095,18,13,26,EVE,LIV,2,0,2,4,2,4,0,3,0,3,W,L,D,W,D,W,23,39,9,1
6095,18,13,26,SOU,ARS,1,1,0,0,0,3,1,1,0,0,D,D,D,D,L,W,14,22,15,10
6095,19,13,28,LIV,CRY,1,0,0,1,4,0,4,2,3,0,W,L,L,D,W,D,42,21,1,12
6095,19,13,28,FOR,EVE,1,0,1,2,1,2,1,2,1,0,W,L,D,W,W,D,21,23,12,10
6095,19,13,28,MNC,WOL,1,0,1,1,0,1,2,2,0,1,W,L,D,D,D,L,34,28,3,7
6095,19,13,28,NWC,LEE,4,0,3,0,1,0,1,0,4,1,W,L,W,L,L,D,31,15,5,15
6095,19,13,28,ARS,LEI,2,0,1,1,0,0,3,1,1,2,W,L,D,D,D,L,25,24,9,10
6095,19,13,28,BRN,MNU,2,1,0,3,4,1,0,2,0,1,W,L,L,W,W,D,18,39,13,2
6095,19,13,28,TOT,BRI,2,2,2,3,0,1,2,1,1,2,D,D,D,W,D,D,26,33,9,4
6095,19,13,28,WHU,SOU,1,0,2,1,1,0,2,0,2,1,W,L,W,D,D,D,33,14,4,16
6095,19,13,28,BOU,CHE,1,1,0,1,2,1,2,2,1,1,D,D,L,L,W,D,18,32,14,5
6095,19,13,28,FUL,ASV,2,2,1,2,2,1,0,0,0,2,D,D,D,D,D,L,10,28,16,7
6095,20,13,30,BOU,LEE,1,2,1,0,0,0,2,0,2,0,L,W,D,L,L,L,18,18,13,13
6095,20,13,30,TOT,BRN,0,2,2,2,2,0,0,4,2,0,L,W,D,W,D,L,26,21,8,12
6095,20,13,30,FUL,BRI,1,5,2,2,1,3,2,1,0,1,L,W,D,D,D,W,10,36,16,3
6095,20,13,30,MNU,CHE,0,3,1,1,3,1,1,1,2,2,L,W,L,D,W,L,39,35,2,4
6095,20,13,30,WHU,LEI,1,2,1,0,2,1,1,0,2,1,L,W,W,L,W,D,33,27,6,9
6095,20,13,30,ARS,WOL,3,1,2,0,1,1,0,1,3,2,W,L,W,L,D,D,28,28,8,8
6095,20,13,30,FOR,CRY,3,0,1,0,1,1,1,0,1,2,W,L,W,L,D,D,24,21,11,13
6095,20,13,30,MNC,EVE,4,0,1,0,1,2,0,2,2,2,W,L,W,L,D,W,37,23,3,12
6095,20,13,30,NWC,SOU,1,2,4,0,3,1,1,0,1,0,L,W,W,L,W,D,31,17,7,15
6095,20,13,30,LIV,ASV,1,0,1,2,0,2,4,1,4,0,W,L,W,D,L,D,45,28,1,8
6095,21,13,32,ASV,FOR,1,0,0,3,2,1,2,1,1,1,W,L,L,W,D,W,31,24,7,11
6095,21,13,32,BRN,FUL,1,0,2,1,2,2,0,1,4,2,W,L,W,L,W,D,24,10,11,16
6095,21,13,32,BRI,LIV,1,0,5,1,2,1,3,0,1,4,W,L,W,W,D,W,39,45,2,1
6095,21,13,32,EVE,ARS,2,0,0,3,0,2,2,1,2,0,W,L,L,W,L,W,26,28,9,7
6095,21,13,32,TOT,MNU,0,0,0,0,2,1,2,3,0,1,D,D,L,L,D,L,27,40,9,2
6095,21,13,32,LEE,CHE,0,3,2,3,0,1,0,1,0,1,L,W,W,W,L,D,18,38,13,4
6095,21,13,32,LEI,NWC,2,3,2,1,0,4,1,3,0,1,L,W,W,L,L,W,27,34,10,6
6095,21,13,32,SOU,BOU,3,0,2,1,0,1,1,0,0,2,W,L,W,L,L,D,20,18,14,15
6095,21,13,32,CRY,MNC,0,5,0,4,0,1,1,1,0,0,L,W,L,W,L,W,21,40,12,2
6095,21,13,32,WOL,WHU,0,0,1,1,0,1,1,2,1,1,D,D,L,L,L,W,29,34,7,5
6095,22,13,34,NWC,WOL,2,2,3,0,1,1,4,0,3,1,D,D,W,D,L,L,35,30,5,8
6095,22,13,34,MNU,LEE,2,0,0,0,0,2,1,0,3,0,W,L,D,L,L,W,43,18,2,16
6095,22,13,34,FUL,TOT,2,1,0,0,1,0,2,2,1,2,W,L,L,D,L,L,13,27,17,11
6095,22,13,34,ARS,CRY,5,0,0,0,3,0,2,0,1,1,W,L,L,L,W,L,31,21,8,13
6095,22,13,34,FOR,BRI,0,3,0,1,3,5,1,2,1,3,L,W,L,W,W,W,24,42,12,3
6095,22,13,34,BOU,LEI,0,1,0,2,1,2,1,0,0,1,L,W,L,L,L,W,18,30,15,9
6095,22,13,34,LIV,BRN,1,1,0,1,1,2,1,2,0,0,D,D,L,W,W,W,46,25,1,12
6095,22,13,34,MNC,ASV,2,0,5,1,4,0,1,2,1,2,W,L,W,W,W,L,43,31,2,7
6095,22,13,34,WHU,EVE,0,0,0,2,1,0,1,0,2,2,D,D,D,W,L,L,35,27,5,8
6095,22,13,34,CHE,SOU,2,1,3,3,3,2,1,0,1,1,W,L,W,W,W,W,41,20,4,12
6095,23,13,36,ASV,ARS,0,0,0,5,1,0,0,3,2,2,D,D,L,W,W,L,32,32,6,6
6095,23,13,36,CRY,WHU,1,2,0,0,0,0,0,1,0,1,L,W,L,D,L,D,21,38,12,5
6095,23,13,36,SOU,LEE,2,1,1,0,3,0,2,2,0,0,W,L,L,L,W,L,23,18,12,14
6095,23,13,36,WOL,BOU,1,2,2,0,0,0,1,1,0,1,L,W,D,L,D,L,30,21,8,13
6095,23,13,36,EVE,NWC,3,1,0,2,2,3,0,1,0,4,W,L,D,D,W,W,30,35,8,6
6095,23,13,36,LEI,CHE,1,0,1,2,2,3,2,3,0,1,W,L,W,W,L,W,33,41,7,4
6095,23,13,36,TOT,LIV,0,2,1,1,0,0,0,1,2,1,L,W,L,D,D,L,27,49,10,1
6095,23,13,36,BRI,MNC,2,2,3,2,1,5,5,4,2,1,D,D,W,W,W,W,43,44,3,2
6095,23,13,36,FUL,MNU,0,1,2,2,0,0,1,0,2,1,L,W,W,W,L,D,13,46,17,2
6095,23,13,36,BRN,FOR,2,1,1,0,1,0,2,3,2,1,W,L,D,L,W,L,28,24,11,13
6095,24,13,38,WHU,ASV,2,2,2,0,0,0,0,1,1,0,D,D,W,D,D,L,39,33,6,8
6095,24,13,38,MNC,BRN,2,1,2,2,2,1,5,1,4,2,W,L,D,W,W,D,47,28,2,11
6095,24,13,38,LIV,FUL,2,1,2,0,1,2,0,0,1,1,W,L,W,L,D,W,52,13,1,17
6095,24,13,38,LEE,LEI,2,3,1,1,0,1,0,2,2,2,L,W,L,W,L,W,18,36,17,7
6095,24,13,38,FOR,TOT,1,1,1,0,0,1,0,0,3,0,D,D,L,L,L,L,25,28,13,12
6095,24,13,38,CHE,WOL,2,1,0,1,2,2,3,0,3,1,W,L,L,L,W,D,44,30,4,11
6095,24,13,38,ARS,BRI,2,2,0,2,5,3,0,1,3,5,D,D,D,D,W,W,33,44,8,4
6095,24,13,38,BOU,EVE,1,2,2,3,0,0,0,2,1,0,L,W,W,W,L,D,21,33,13,8
6095,24,13,38,MNU,SOU,2,0,1,2,2,1,0,3,0,2,W,L,W,W,W,L,49,23,2,12
6095,24,13,38,NWC,CRY,1,0,1,1,2,0,3,0,1,0,W,L,L,L,D,L,38,21,6,13
6095,25,13,40,ASV,NWC,0,0,2,1,0,1,0,2,1,3,D,D,D,W,D,L,34,39,7,5
6095,25,13,40,LIV,MNU,2,2,2,2,2,1,1,2,0,0,D,D,W,W,W,W,53,50,1,2
6095,25,13,40,CRY,BOU,1,2,0,1,1,2,0,0,0,0,L,W,L,L,L,W,21,24,14,12
6095,25,13,40,WOL,LEE,3,3,1,2,1,1,2,0,0,0,D,D,L,L,L,L,31,19,9,15
6095,25,13,40,EVE,CHE,1,0,2,2,3,0,0,2,2,3,W,L,W,W,W,L,36,44,6,4
6095,25,13,40,LEI,SOU,2,2,3,0,1,2,1,1,2,3,D,D,W,L,W,W,37,24,6,13
6095,25,13,40,TOT,MNC,0,1,1,2,0,2,1,2,0,5,L,W,D,W,L,D,28,50,10,2
6095,25,13,40,FUL,FOR,1,2,1,1,0,1,2,0,0,0,L,W,L,D,L,L,13,28,14,10
6095,25,13,40,BRN,ARS,0,2,1,2,2,0,1,5,1,0,L,W,L,D,W,D,28,36,9,6
6095,25,13,40,BRI,WHU,1,4,2,2,2,2,3,0,1,0,L,W,D,D,D,W,44,42,3,4
6095,26,13,42,FOR,LIV,1,1,2,2,1,2,1,2,0,1,D,D,W,D,D,W,29,54,10,1
6095,26,13,42,CHE,CRY,1,0,0,1,2,0,0,1,2,0,W,L,L,L,W,L,47,21,3,14
6095,26,13,42,LEE,EVE,1,2,3,1,2,2,1,3,0,0,L,W,D,W,L,W,19,39,15,6
6095,26,13,42,NWC,BRI,2,0,0,1,1,2,1,2,2,3,W,L,D,L,W,D,42,44,5,4
6095,26,13,42,MNU,LEI,3,2,2,2,2,3,1,1,2,1,W,L,D,D,W,W,53,37,2,8
6095,26,13,42,BOU,ASV,0,3,2,0,1,2,2,0,0,0,L,W,W,D,L,D,24,37,13,8
6095,26,13,42,ARS,TOT,0,1,2,0,2,1,0,0,5,1,L,W,W,L,D,D,36,31,9,10
6095,26,13,42,SOU,WOL,1,0,2,3,0,1,2,1,1,2,W,L,D,D,L,L,27,31,13,10
6095,26,13,42,MNC,FUL,5,1,1,1,2,1,2,0,2,2,W,L,W,L,W,L,53,13,2,16
6095,26,13,42,WHU,BRN,2,3,4,0,2,1,2,2,0,1,L,W,W,L,D,L,42,31,5,9
6095,27,13,44,WOL,LEI,1,3,0,2,3,2,1,3,1,1,L,W,L,L,D,D,31,40,10,6
6095,27,13,44,FOR,MNU,2,1,1,3,2,2,1,2,1,1,W,L,D,W,W,D,32,53,10,2
6095,27,13,44,CRY,LEE,3,0,0,1,1,3,0,2,1,1,W,L,L,L,L,D,24,19,13,14
6095,27,13,44,BRI,BOU,3,0,0,0,1,2,2,1,2,2,W,L,L,L,L,W,47,24,3,12
6095,27,13,44,FUL,ARS,1,1,1,0,1,2,1,2,0,0,D,D,L,L,L,W,14,37,13,7
6095,27,13,44,LIV,MNC,3,0,1,5,2,1,2,2,2,2,W,L,D,W,D,W,57,53,1,2
6095,27,13,44,EVE,SOU,1,2,2,1,1,2,2,0,3,2,L,W,W,W,W,D,39,30,6,10
6095,27,13,44,ASV,CHE,0,3,3,1,0,0,2,2,0,0,L,W,W,W,D,L,37,50,8,3
6095,27,13,44,BRN,NWC,3,2,3,2,0,0,1,1,2,1,W,L,W,W,L,D,34,42,9,5
6095,27,13,44,TOT,WHU,2,3,1,2,0,4,1,2,0,2,L,W,W,L,L,W,31,45,12,5
6095,28,13,46,WHU,FUL,4,0,3,1,2,1,4,1,2,1,W,L,W,D,L,L,48,14,4,16
6095,28,13,46,NWC,TOT,2,2,2,2,2,1,0,0,1,1,D,D,L,L,W,W,43,32,6,11
6095,28,13,46,SOU,CRY,1,1,2,3,1,0,2,1,0,0,D,D,W,W,W,L,31,25,12,13
6095,28,13,46,LEI,EVE,3,2,3,1,2,2,2,1,3,2,W,L,W,L,L,W,43,39,6,7
6095,28,13,46,LEE,ASV,1,1,0,0,1,3,3,0,2,2,D,D,L,L,L,W,20,38,15,8
6095,28,13,46,ARS,LIV,0,1,1,3,0,1,2,2,2,2,L,W,D,W,L,D,37,60,9,1
6095,28,13,46,MNC,FOR,1,0,0,2,5,1,1,2,2,1,W,L,L,W,W,D,56,32,2,12
6095,28,13,46,BOU,BRN,2,0,0,3,0,3,2,0,1,1,W,L,L,W,L,W,27,34,14,11
6095,28,13,46,MNU,WOL,4,0,1,1,3,0,2,3,2,1,W,L,L,L,W,L,56,31,2,12
6095,28,13,46,CHE,BRI,0,2,3,3,1,0,0,1,2,2,L,W,W,W,W,L,50,50,3,3
6095,29,13,48,BRI,LEE,0,2,2,1,3,0,0,1,1,3,L,W,W,D,W,L,50,23,3,14
6095,29,13,48,FUL,NWC,1,0,0,2,1,2,1,2,1,0,W,L,L,D,D,L,17,43,15,5
6095,29,13,48,CRY,LEI,1,1,1,3,3,3,0,2,1,2,D,D,D,W,W,W,26,44,14,5
6095,29,13,48,BRN,CHE,1,3,0,0,3,3,3,1,0,0,L,W,L,L,W,W,34,53,11,3
6095,29,13,48,FOR,ARS,1,2,0,0,2,1,1,0,2,2,L,W,L,L,W,D,32,40,12,8
6095,29,13,48,ASV,SOU,1,1,1,1,0,2,3,1,0,2,D,D,D,D,L,W,39,32,9,11
6095,29,13,48,TOT,BOU,2,4,2,2,2,0,1,0,0,2,L,W,D,W,L,L,32,30,11,13
6095,29,13,48,MNC,MNU,2,0,1,4,0,1,5,3,1,2,W,L,W,W,L,L,59,56,2,3
6095,29,13,48,EVE,WOL,0,1,2,0,1,1,2,0,1,3,L,W,L,L,L,L,39,34,10,11
6095,29,13,48,LIV,WHU,2,1,1,4,3,3,1,2,2,4,W,L,W,W,W,W,63,48,1,6
6095,30,13,50,WHU,FOR,3,1,1,1,4,0,3,2,2,1,W,L,L,L,W,L,51,32,5,12
6095,30,13,50,NWC,LIV,1,3,0,2,2,1,2,3,2,1,L,W,L,W,D,W,43,66,8,1
6095,30,13,50,MNU,EVE,2,1,0,0,4,2,1,1,3,2,W,L,L,L,W,L,59,39,2,9
6095,30,13,50,SOU,BRI,0,0,1,0,1,2,2,3,1,0,D,D,D,L,D,W,33,51,10,4
6095,30,13,50,ARS,MNC,1,1,2,2,0,1,1,0,0,5,D,D,W,W,L,W,41,60,8,2
6095,30,13,50,LEE,BRN,5,0,2,1,1,0,0,3,1,3,W,L,W,L,D,L,26,34,14,10
6095,30,13,50,CHE,TOT,1,1,3,2,0,2,3,2,1,1,D,D,W,L,L,D,54,33,4,11
6095,30,13,50,WOL,CRY,1,2,1,1,0,1,1,3,0,0,L,W,W,D,L,D,34,29,10,14
6095,30,13,50,BOU,FUL,1,0,4,1,2,0,0,1,0,1,W,L,W,W,W,L,33,17,11,15
6095,30,13,50,LEI,ASV,3,2,1,1,3,1,3,0,2,3,W,L,D,D,W,D,47,39,6,9
6095,31,13,52,ARS,MNU,1,0,1,2,2,0,0,4,1,1,W,L,D,W,W,L,44,59,7,3
6095,31,13,52,TOT,LEE,3,1,1,5,2,2,2,1,2,0,W,L,D,W,L,W,36,26,10,15
6095,31,13,52,ASV,WOL,0,1,2,1,1,1,1,0,0,1,L,W,L,L,D,W,39,37,9,10
6095,31,13,52,LIV,BOU,5,1,3,1,2,4,1,2,3,0,W,L,W,W,W,W,69,33,1,13
6095,31,13,52,BRN,SOU,2,3,0,0,1,1,0,1,3,2,L,W,L,D,L,D,34,36,12,11
6095,31,13,52,CRY,EVE,1,2,2,1,1,0,1,2,3,1,L,W,W,L,D,L,29,42,16,9
6095,31,13,52,MNC,WHU,2,0,1,3,2,1,1,4,0,3,W,L,D,W,W,L,63,51,2,5
6095,31,13,52,FOR,NWC,0,3,1,1,1,0,0,2,2,2,L,W,L,L,L,L,32,46,15,7
6095,31,13,52,BRI,LEI,1,2,0,3,0,1,2,3,3,3,L,W,D,W,L,D,51,50,5,6
6095,31,13,52,FUL,CHE,2,2,0,1,1,3,0,0,1,3,D,D,L,D,W,W,18,55,18,4
6095,32,13,54,SOU,TOT,0,1,3,3,0,1,1,2,1,2,L,W,W,W,D,D,36,39,12,10
6095,32,13,54,CHE,LIV,3,1,2,5,1,3,3,2,0,1,W,L,D,W,D,W,58,69,4,1
6095,32,13,54,MNU,CRY,0,2,0,1,2,2,0,1,4,1,L,W,L,L,W,W,59,32,3,15
6095,32,13,54,EVE,ASV,1,3,2,0,1,2,0,1,2,1,L,W,W,L,L,L,42,42,9,9
6095,32,13,54,LEI,BRN,0,0,2,2,3,0,1,1,3,0,D,D,W,L,W,L,51,35,5,12
6095,32,13,54,BOU,FOR,2,0,1,0,1,1,4,1,2,0,W,L,L,L,W,L,36,32,11,13
6095,32,13,54,WHU,ARS,1,4,0,1,3,1,1,2,4,0,L,W,L,W,W,D,51,47,5,6
6095,32,13,54,WOL,BRI,0,0,1,1,1,0,1,0,0,2,D,D,W,L,L,D,38,52,11,5
6095,32,13,54,NWC,MNC,0,1,3,2,1,1,0,2,2,1,L,W,W,W,L,D,46,66,8,2
6095,32,13,54,LEE,FUL,0,0,1,2,5,0,2,1,1,0,D,D,L,D,W,L,27,19,15,16
6095,33,13,56,BRN,WOL,1,1,0,0,2,1,0,1,1,1,D,D,D,D,L,W,36,39,11,10
6095,33,13,56,WHU,MNU,1,0,1,0,0,0,3,2,1,0,W,L,L,L,L,L,54,59,5,3
6095,33,13,56,ASV,CRY,2,1,3,2,0,1,2,2,1,1,W,L,W,W,L,L,45,32,10,14
6095,33,13,56,FOR,CHE,0,0,0,3,0,2,1,1,1,3,D,D,L,W,L,D,33,59,13,3
6095,33,13,56,ARS,NWC,1,4,4,0,1,3,1,1,2,0,L,W,W,L,W,W,47,49,8,7
6095,33,13,56,MNC,BOU,3,1,1,2,2,1,1,1,2,4,W,L,W,W,W,L,69,36,1,11
6095,33,13,56,BRI,EVE,1,1,0,1,1,2,0,1,0,0,D,D,D,L,L,W,53,43,4,9
6095,33,13,56,LIV,LEE,1,0,1,0,5,1,3,5,2,2,W,L,L,D,W,L,72,27,1,15
6095,33,13,56,FUL,SOU,2,0,0,0,2,3,0,0,1,1,W,L,D,L,D,W,22,36,16,12
6095,33,13,56,TOT,LEI,1,3,1,0,3,2,1,3,2,1,L,W,W,D,W,W,39,54,10,4
6095,34,13,58,WOL,TOT,1,2,1,1,0,1,1,3,1,1,L,W,D,L,D,W,39,42,11,10
6095,34,13,58,CHE,MNC,0,2,0,3,3,1,2,2,1,1,L,W,D,W,W,W,59,72,2,1
6095,34,13,58,LEE,FOR,0,1,0,0,0,0,1,0,5,1,L,W,L,D,D,L,27,36,13,11
6095,34,13,58,BOU,ARS,3,1,1,1,2,4,1,1,1,1,W,L,L,L,W,W,39,47,10,6
6095,34,13,58,MNU,ASV,3,2,0,2,0,3,0,0,2,2,W,L,L,W,L,W,62,45,2,8
6095,34,13,58,EVE,BRN,1,1,1,1,1,0,2,2,1,0,D,D,D,D,L,D,44,37,9,12
6095,34,13,58,NWC,WHU,3,0,4,1,0,1,3,0,1,3,W,L,W,W,L,L,52,54,6,4
6095,34,13,58,CRY,BRI,1,4,1,1,2,0,1,1,2,0,L,W,L,D,W,D,32,56,14,4
6095,34,13,58,SOU,LIV,0,3,0,1,0,1,3,5,0,3,L,W,L,W,L,L,36,75,14,1
6095,34,13,58,LEI,FUL,1,0,3,2,0,0,2,2,3,0,W,L,W,W,D,D,57,22,5,18
6095,35,14,0,NWC,MNU,1,1,3,3,4,0,0,0,3,0,D,D,W,W,W,L,53,63,8,3
6095,35,14,0,WHU,BOU,1,0,0,3,1,1,1,2,0,1,W,L,L,W,W,L,57,39,5,12
6095,35,14,0,BRN,CRY,3,2,1,1,1,1,0,2,2,1,W,L,D,L,D,L,40,32,12,15
6095,35,14,0,BRI,ASV,3,0,4,2,1,2,0,3,1,0,W,L,W,L,D,W,59,45,4,8
6095,35,14,0,MNC,LEE,2,1,2,0,3,0,1,0,2,1,W,L,W,L,W,L,75,27,1,14
6095,35,14,0,TOT,EVE,2,1,2,1,1,1,1,1,3,2,W,L,W,D,L,D,45,44,7,8
6095,35,14,0,LIV,LEI,1,3,3,1,1,3,1,0,5,2,L,W,W,W,W,W,75,60,1,3
6095,35,14,0,FUL,WOL,0,0,0,1,2,1,0,0,2,1,D,D,L,L,W,D,23,40,15,10
6095,35,14,0,FOR,SOU,1,1,1,0,0,0,0,0,0,3,D,D,W,L,D,L,37,37,12,12
6095,35,14,0,ARS,CHE,0,1,1,0,1,0,4,3,1,2,L,W,L,L,L,D,47,62,8,3
6095,36,14,2,CRY,TOT,2,3,2,2,1,2,1,1,2,1,L,W,L,W,L,W,32,48,15,8
6095,36,14,2,EVE,FUL,0,1,1,0,1,0,1,2,1,0,L,W,L,D,D,L,44,26,11,17
6095,36,14,2,LEI,FOR,2,1,3,1,1,1,3,0,0,0,W,L,W,D,W,W,63,37,2,13
6095,36,14,2,MNU,BRI,1,0,1,3,3,4,0,1,0,0,W,L,D,W,W,W,66,59,2,5
6095,36,14,2,CHE,WHU,2,2,1,1,0,0,0,1,3,1,D,D,W,W,L,L,63,58,3,5
6095,36,14,2,SOU,MNC,1,3,1,2,0,2,0,3,0,1,L,W,D,W,L,W,37,78,14,1
6095,36,14,2,BOU,NWC,1,1,0,1,3,3,1,4,2,0,D,D,L,D,W,W,40,54,12,7
6095,36,14,2,WOL,LIV,2,1,0,1,1,3,1,1,0,1,W,L,D,L,L,W,43,75,12,2
6095,36,14,2,ASV,BRN,0,0,0,3,2,1,2,1,3,0,D,D,L,W,L,D,46,41,10,13
6095,36,14,2,LEE,ARS,1,1,1,0,0,1,0,1,0,4,D,D,L,L,L,L,28,48,16,8
6095,37,14,4,FOR,WOL,3,3,1,2,1,0,1,1,0,1,D,D,L,W,D,D,38,44,13,10
6095,37,14,4,BRN,BRI,0,0,0,0,3,3,1,4,1,1,D,D,D,L,W,W,42,60,11,5
6095,37,14,4,ARS,SOU,4,2,1,1,0,1,1,0,1,0,W,L,D,L,L,D,51,37,8,15
6095,37,14,4,MNC,LEI,0,1,3,2,2,3,2,1,3,3,L,W,W,W,W,W,78,66,1,3
6095,37,14,4,BOU,MNU,1,2,1,1,0,1,3,3,1,0,L,W,D,W,L,D,40,69,14,3
6095,37,14,4,FUL,CRY,1,2,1,2,0,2,0,1,2,1,L,W,W,L,D,L,26,35,19,17
6095,37,14,4,NWC,CHE,0,1,1,2,1,1,3,0,4,0,L,W,D,D,D,W,54,66,7,4
6095,37,14,4,TOT,ASV,2,0,3,0,2,0,2,2,1,2,W,L,W,D,W,L,51,46,8,9
6095,37,14,4,WHU,LEE,1,0,2,1,1,1,0,0,1,0,W,L,D,D,W,L,61,28,5,16
6095,37,14,4,LIV,EVE,3,1,1,0,1,1,3,1,1,1,W,L,L,L,L,L,78,44,1,9
6095,38,14,6,LEE,NWC,0,0,0,0,1,1,1,1,0,3,D,D,L,L,D,D,29,55,15,6
6095,38,14,6,CHE,BOU,1,1,1,1,2,1,1,0,0,3,D,D,W,L,D,D,67,41,3,12
6095,38,14,6,WOL,MNC,1,3,3,0,2,3,0,2,1,2,L,W,D,L,W,W,44,81,11,1
6095,38,14,6,EVE,FOR,3,1,1,3,0,1,1,1,1,1,W,L,L,D,L,L,47,38,10,15
6095,38,14,6,CRY,LIV,0,4,2,3,2,1,2,1,1,3,L,W,W,W,L,L,35,81,16,1
6095,38,14,6,LEI,ARS,2,4,1,4,2,1,3,0,1,1,L,W,W,W,W,D,66,54,4,8
6095,38,14,6,MNU,BRN,1,0,2,0,1,0,1,3,3,1,W,L,W,D,W,D,72,42,2,13
6095,38,14,6,SOU,WHU,1,2,2,1,1,2,1,1,0,0,L,W,L,W,L,D,37,64,16,5
6095,38,14,6,BRI,TOT,3,1,0,2,0,3,3,2,4,2,W,L,D,W,L,W,63,51,6,9
6095,38,14,6,ASV,FUL,3,0,0,1,0,1,0,0,2,0,W,L,L,L,D,W,49,26,10,19
6097,5,15,32,MNC,LEI,2,2,1,4,0,3,2,2,4,0,D,D,W,W,L,W,10,10,2,2
6097,5,15,32,BRN,BOU,2,1,1,1,1,1,0,0,1,0,W,L,D,W,L,W,5,6,5,4
6097,5,15,32,NWC,LIV,0,2,1,4,2,2,4,1,1,0,L,W,L,W,W,W,6,9,5,3
6097,5,15,32,FUL,WHU,0,0,0,1,1,1,1,2,1,0,D,D,L,L,D,W,3,8,9,4
6097,5,15,32,ASV,MNU,3,2,0,0,2,3,3,2,2,1,W,L,L,L,D,W,10,5,2,7
6097,5,15,32,CRY,LEE,1,2,0,1,1,2,2,1,1,3,L,W,L,D,L,D,2,8,10,4
6097,5,15,32,CHE,ARS,2,0,3,3,1,0,1,1,2,3,W,L,W,W,W,D,15,7,1,5
6097,5,15,32,EVE,WOL,0,0,1,1,0,0,2,1,4,1,D,D,D,W,L,L,6,5,6,7
6097,5,15,32,TOT,SOU,1,1,0,1,0,1,2,0,1,1,D,D,L,D,L,D,4,3,8,9
6097,5,15,32,FOR,BRI,4,1,0,3,0,0,1,2,2,0,W,L,L,W,L,D,7,6,5,6
6097,6,15,34,BOU,CRY,2,3,1,1,1,0,1,1,0,2,L,W,L,L,W,L,6,5,6,7
6097,6,15,34,LEI,ASV,0,0,2,3,4,0,3,2,2,3,D,D,D,W,W,L,11,11,2,2
6097,6,15,34,SOU,MNC,1,3,1,2,1,1,1,0,0,2,L,W,D,D,D,W,3,13,10,2
6097,6,15,34,WHU,EVE,2,0,0,0,1,1,1,0,2,2,W,L,D,D,L,D,11,6,3,7
6097,6,15,34,LEE,NWC,3,1,2,0,1,1,2,2,1,4,W,L,W,L,D,L,11,6,3,6
6097,6,15,34,MNU,BRN,2,0,2,2,0,1,3,1,2,0,W,L,L,W,L,D,8,5,5,8
6097,6,15,34,BRI,LIV,1,4,1,2,3,4,0,2,2,1,L,W,L,W,W,W,6,12,7,3
6097,6,15,34,ARS,FUL,2,1,0,0,3,0,0,1,1,1,W,L,L,D,W,L,10,3,5,11
6097,6,15,34,WOL,TOT,0,0,0,1,1,0,0,0,1,2,D,D,D,D,W,L,6,5,8,9
6097,6,15,34,FOR,CHE,1,1,4,2,0,3,0,1,1,1,D,D,W,W,L,W,8,16,6,1
6097,7,15,36,ASV,SOU,3,2,0,1,3,1,0,1,2,1,W,L,D,L,W,D,14,3,2,10
6097,7,15,36,MNC,WOL,3,0,3,0,2,0,1,1,0,0,W,L,W,D,D,D,16,6,1,7
6097,7,15,36,NWC,BOU,1,3,1,2,0,1,1,1,2,1,L,W,L,L,L,L,6,9,8,6
6097,7,15,36,BRN,LEI,2,1,0,0,2,2,1,4,1,3,W,L,L,D,W,D,8,11,7,4
6097,7,15,36,TOT,WHU,1,1,0,2,1,0,0,1,0,1,D,D,D,W,D,D,6,12,8,3
6097,7,15,36,EVE,ARS,0,1,0,2,0,0,1,3,0,0,L,W,L,W,D,L,6,13,8,3
6097,7,15,36,CHE,BRI,5,1,1,1,2,1,3,3,1,0,W,L,D,L,W,L,19,6,1,9
6097,7,15,36,CRY,MNU,0,2,3,2,1,2,0,0,1,3,L,W,W,W,L,L,5,11,10,6
6097,7,15,36,FUL,FOR,3,0,1,1,0,4,0,0,1,0,W,L,L,D,D,W,6,8,9,8
6097,7,15,36,LIV,LEE,4,0,4,3,2,2,4,1,2,2,W,L,W,W,W,W,15,11,3,7
6097,8,15,38,CHE,FUL,1,0,5,3,1,1,2,0,3,0,W,L,W,W,D,L,22,6,1,10
6097,8,15,38,BRI,LEE,2,1,1,0,1,3,1,2,3,1,W,L,L,L,L,W,9,11,8,7
6097,8,15,38,BOU,LIV,1,1,3,4,2,4,1,2,1,4,D,D,W,W,L,W,10,16,7,2
6097,8,15,38,WOL,ASV,1,1,0,3,0,0,0,3,1,0,D,D,L,W,D,D,7,15,10,3
6097,8,15,38,FOR,EVE,1,0,0,0,1,0,4,0,0,1,W,L,L,L,D,L,11,6,6,11
6097,8,15,38,SOU,BRN,3,1,2,2,1,0,1,2,1,1,W,L,L,W,L,L,6,8,11,9
6097,8,15,38,MNU,NWC,0,0,2,1,2,1,2,0,0,1,D,D,W,L,W,L,12,7,5,10
6097,8,15,38,ARS,TOT,1,0,1,1,2,0,0,1,3,0,W,L,W,D,W,D,16,6,2,10
6097,8,15,38,WHU,MNC,1,4,1,3,2,3,0,2,1,1,L,W,D,W,W,W,12,19,5,2
6097,8,15,38,LEI,CRY,0,1,1,0,0,3,2,1,4,0,L,W,L,L,D,W,11,8,6,9
6097,9,15,40,FUL,BRI,0,0,0,2,3,1,1,1,0,1,D,D,L,W,W,L,7,10,9,7
6097,9,15,40,BRN,WOL,1,3,1,1,2,0,0,0,2,0,L,W,L,D,W,L,8,10,8,7
6097,9,15,40,NWC,LEI,0,1,0,0,1,1,1,0,0,2,L,W,D,L,L,L,7,14,10,5
6097,9,15,40,EVE,CHE,2,0,0,1,0,5,0,1,0,2,W,L,L,W,L,W,9,22,9,1
6097,9,15,40,LEE,BOU,1,0,1,1,0,3,3,2,2,1,W,L,L,D,L,W,14,10,5,8
6097,9,15,40,TOT,FOR,3,3,0,1,1,0,0,1,1,4,D,D,L,W,D,L,7,12,10,6
6097,9,15,40,CRY,SOU,3,0,1,3,0,2,3,1,1,1,W,L,W,W,L,L,11,6,7,12
6097,9,15,40,LIV,MNU,4,2,1,0,4,2,4,2,2,2,W,L,D,D,W,W,19,12,2,6
6097,9,15,40,MNC,ARS,1,0,4,1,3,1,3,2,2,0,W,L,W,W,W,W,22,16,1,3
6097,9,15,40,ASV,WHU,0,0,1,1,3,1,0,2,3,0,D,D,D,L,W,D,16,13,3,5
6097,10,15,42,CHE,TOT,1,1,0,3,1,0,5,1,1,0,D,D,L,D,W,L,23,8,1,11
6097,10,15,42,SOU,NWC,0,2,0,0,3,0,2,1,1,1,L,W,L,L,W,D,6,10,13,9
6097,10,15,42,WHU,BRN,0,0,0,1,1,1,1,2,2,0,D,D,D,L,L,L,14,9,5,9
6097,10,15,42,FOR,MNC,0,0,3,1,1,4,0,3,1,3,D,D,D,W,W,W,13,23,5,1
6097,10,15,42,ARS,ASV,1,0,0,0,1,1,1,3,2,0,W,L,L,D,W,D,19,16,2,3
6097,10,15,42,FUL,EVE,1,3,0,2,0,0,3,0,1,0,L,W,D,W,L,L,7,12,11,6
6097,10,15,42,BRI,BOU,4,1,0,0,2,1,1,3,1,2,W,L,D,L,W,D,13,10,5,8
6097,10,15,42,LEI,LIV,2,2,1,4,0,1,1,4,0,4,D,D,W,W,L,D,15,20,5,2
6097,10,15,42,MNU,LEE,3,0,2,1,0,1,2,0,2,3,W,L,L,W,D,L,15,14,5,6
6097,10,15,42,WOL,CRY,2,2,3,3,1,1,0,0,0,3,D,D,W,W,D,W,11,12,9,8
6097,11,15,44,EVE,BRI,2,2,3,4,2,0,0,2,0,1,D,D,W,W,W,D,13,14,7,6
6097,11,15,44,CRY,WHU,1,0,2,0,3,0,1,1,0,1,W,L,D,D,W,D,15,14,5,6
6097,11,15,44,BOU,MNU,0,2,1,3,0,2,1,0,3,2,L,W,L,W,L,L,10,18,10,4
6097,11,15,44,TOT,FUL,1,1,1,1,3,0,0,0,1,3,D,D,D,L,D,D,9,8,11,12
6097,11,15,44,LIV,SOU,0,1,2,0,4,0,1,3,4,2,L,W,D,L,W,L,20,9,2,11
6097,11,15,44,BRN,ARS,2,1,0,1,1,0,1,1,2,1,W,L,D,W,L,L,12,19,9,3
6097,11,15,44,ASV,FOR,0,0,0,0,0,3,1,1,3,0,D,D,L,D,D,D,17,14,5,7
6097,11,15,44,MNC,CHE,0,2,0,1,1,0,4,1,3,5,L,W,D,D,W,L,23,26,2,1
6097,11,15,44,NWC,WOL,2,0,2,2,0,3,0,1,1,0,W,L,W,D,L,W,13,11,9,11
6097,11,15,44,LEE,LEI,2,2,0,2,1,1,1,0,0,1,D,D,L,D,W,W,15,16,8,7
6097,12,15,46,BRI,MNU,0,1,2,2,4,3,0,2,2,0,L,W,D,W,W,W,14,21,9,3
6097,12,15,46,EVE,TOT,0,0,2,1,3,1,2,3,0,0,D,D,D,D,W,D,14,10,9,13
6097,12,15,46,FOR,BRN,1,1,0,2,0,0,3,1,1,1,D,D,D,W,D,D,15,13,8,10
6097,12,15,46,SOU,LEE,2,1,1,2,0,0,0,1,3,1,W,L,W,D,L,L,12,15,11,8
6097,12,15,46,CHE,ASV,1,2,2,0,1,0,0,0,1,1,L,W,W,D,D,L,26,20,1,4
6097,12,15,46,WOL,LIV,2,1,0,0,2,2,3,4,1,1,W,L,L,L,D,D,14,20,8,4
6097,12,15,46,LEI,BOU,2,1,2,0,2,1,1,0,0,1,W,L,D,L,D,L,19,10,5,10
6097,12,15,46,FUL,MNC,0,2,1,0,1,0,0,1,0,4,L,W,D,L,L,D,8,26,10,1
6097,12,15,46,WHU,NWC,3,0,0,2,0,2,0,0,1,0,W,L,L,W,D,W,17,13,5,8
6097,12,15,46,ARS,CRY,2,2,1,1,1,2,0,3,1,1,D,D,L,W,W,D,20,16,3,6
6097,13,15,48,TOT,BRI,1,1,0,0,1,2,1,4,3,0,D,D,D,L,D,D,11,15,11,7
6097,13,15,48,MNC,EVE,3,0,2,0,0,2,0,3,1,2,W,L,W,D,L,D,29,14,1,9
6097,13,15,48,LIV,WHU,2,4,1,3,0,0,2,0,4,0,L,W,L,W,L,L,20,20,4,4
6097,13,15,48,BRN,CHE,0,1,1,1,2,2,0,1,1,0,L,W,D,L,W,W,13,29,8,1
6097,13,15,48,ASV,FUL,0,0,2,0,0,1,0,1,0,0,D,D,W,L,D,D,21,9,2,12
6097,13,15,48,NWC,ARS,1,0,0,2,2,1,2,1,0,0,W,L,L,D,W,L,16,20,5,3
6097,13,15,48,MNU,LEI,2,1,1,2,2,2,3,2,2,1,W,L,W,W,W,D,24,19,2,5
6097,13,15,48,BOU,SOU,1,4,1,2,0,1,1,0,0,0,L,W,L,W,L,W,10,15,11,7
6097,13,15,48,LEE,WOL,2,2,1,2,2,0,0,2,1,3,D,D,L,W,D,L,16,15,6,7
6097,13,15,48,CRY,FOR,1,2,2,1,1,0,2,0,3,3,L,W,D,D,W,D,16,18,7,6
6097,14,15,50,EVE,ASV,0,2,0,0,0,2,2,0,3,0,L,W,L,D,D,W,14,24,8,2
6097,14,15,50,BRI,LEI,0,1,1,1,0,2,2,2,4,2,L,W,D,L,L,W,15,22,7,3
6097,14,15,50,SOU,MNU,1,1,4,2,2,1,1,2,0,3,D,D,W,W,W,W,16,25,7,2
6097,14,15,50,WHU,LEE,3,2,4,2,3,1,0,2,0,0,W,L,W,D,W,L,23,16,4,8
6097,14,15,50,FOR,NWC,0,4,2,1,1,0,0,2,0,2,L,W,W,W,D,L,18,19,8,7
6097,14,15,50,CHE,CRY,3,1,1,1,1,2,2,1,1,2,W,L,W,L,L,D,32,16,1,10
6097,14,15,50,FUL,BRN,1,1,0,0,0,1,1,2,1,0,D,D,D,L,L,D,10,14,14,12
6097,14,15,50,TOT,MNC,2,0,1,3,0,2,1,0,1,0,W,L,D,W,D,W,14,29,12,2
6097,14,15,50,WOL,BOU,2,2,2,1,2,1,0,0,2,1,D,D,D,L,W,L,16,11,10,13
6097,14,15,50,ARS,LIV,0,0,0,2,2,1,1,0,1,2,D,D,L,L,D,L,21,21,7,7
6097,15,15,52,LEI,SOU,4,0,1,1,1,4,2,2,2,1,W,L,W,D,L,W,25,16,3,9
6097,15,15,52,CRY,FUL,1,0,1,1,1,0,2,0,1,1,W,L,L,D,L,D,19,10,7,13
6097,15,15,52,MNU,WOL,2,2,1,2,2,2,1,2,2,0,D,D,D,D,W,D,26,17,3,10
6097,15,15,52,BRN,EVE,1,1,1,0,0,0,1,0,2,2,D,D,D,L,L,L,15,15,12,12
6097,15,15,52,MNC,BRI,2,1,0,0,3,1,2,0,0,2,W,L,L,L,W,D,32,15,1,11
6097,15,15,52,LIV,FOR,2,0,0,0,2,2,1,1,0,0,W,L,D,L,L,W,24,18,4,8
6097,15,15,52,BOU,WHU,1,4,2,3,1,4,1,3,0,0,L,W,D,W,L,W,11,26,12,2
6097,15,15,52,LEE,ARS,3,2,2,0,2,0,1,2,2,1,W,L,L,D,D,L,19,21,6,5
6097,15,15,52,NWC,CHE,1,1,4,3,1,1,0,1,2,2,D,D,W,W,W,W,20,33,7,1
6097,15,15,52,ASV,TOT,3,2,2,2,0,1,2,0,0,1,W,L,W,W,D,D,27,14,3,14
6097,16,15,54,EVE,CRY,2,2,1,1,0,1,0,1,0,2,D,D,D,W,L,L,16,20,12,8
6097,16,15,54,MNC,ASV,0,0,2,3,0,2,3,0,2,2,D,D,W,W,L,W,33,28,1,2
6097,16,15,54,FOR,LEE,2,2,0,3,0,2,2,2,1,1,D,D,L,W,L,L,19,20,8,7
6097,16,15,54,ARS,BOU,5,1,2,1,0,2,0,1,2,1,W,L,L,L,D,D,24,11,5,12
6097,16,15,54,TOT,BRN,1,1,2,1,2,1,1,0,0,1,D,D,L,D,W,D,15,16,10,9
6097,16,15,54,FUL,NWC,1,2,0,1,1,4,0,1,0,0,L,W,L,D,D,W,10,23,13,6
6097,16,15,54,WOL,LEI,0,4,2,4,2,1,2,1,2,2,L,W,D,W,D,W,17,28,8,2
6097,16,15,54,WHU,MNU,1,0,4,2,3,1,4,2,3,1,W,L,W,D,W,D,29,26,2,4
6097,16,15,54,BRI,SOU,2,1,1,0,0,1,1,4,0,2,W,L,L,L,L,D,18,16,9,11
6097,16,15,54,CHE,LIV,1,2,1,2,3,0,1,2,1,1,L,W,D,W,W,D,33,27,1,4
6097,17,15,56,LEE,CHE,2,1,2,1,3,1,2,3,2,1,W,L,D,L,W,D,23,33,7,1
6097,17,15,56,LEI,WHU,1,0,4,1,4,4,1,3,1,4,W,L,W,W,W,W,31,29,2,3
6097,17,15,56,BRN,MNC,1,2,1,0,1,2,1,0,0,3,L,W,D,D,D,W,16,36,14,1
6097,17,15,56,BOU,FOR,0,3,1,2,1,0,2,0,1,2,L,W,L,D,L,L,11,22,16,10
6097,17,15,56,CRY,TOT,2,1,2,1,1,2,1,2,1,1,W,L,D,D,W,L,23,15,9,14
6097,17,15,56,LIV,FUL,4,1,2,1,2,0,0,1,2,0,W,L,W,L,W,L,30,10,4,16
6097,17,15,56,SOU,WOL,1,0,1,0,0,2,1,2,4,2,W,L,L,L,L,D,19,17,11,13
6097,17,15,56,ASV,BRI,1,0,0,2,3,1,2,0,0,1,W,L,D,W,W,L,31,18,3,11
6097,17,15,56,NWC,EVE,4,1,2,2,1,1,4,0,1,0,W,L,W,D,D,D,26,16,6,13
6097,17,15,56,MNU,ARS,0,2,0,5,2,2,1,0,2,0,L,W,L,W,D,L,26,27,7,6
6097,18,15,58,TOT,NWC,3,1,1,4,1,2,2,1,2,4,W,L,L,W,D,W,18,26,11,7
6097,18,15,58,MNC,CRY,0,0,2,2,0,2,2,1,0,1,D,D,W,W,D,D,37,24,1,8
6097,18,15,58,BRI,WOL,1,0,0,0,2,0,1,2,0,2,W,L,L,L,W,L,21,17,11,14
6097,18,15,58,ASV,BRN,2,1,1,1,0,1,3,1,2,1,W,L,W,L,D,D,34,16,2,16
6097,18,15,58,CHE,BOU,1,0,1,0,1,1,1,1,3,2,W,L,L,L,L,L,36,11,2,17
6097,18,15,58,ARS,LEI,3,0,2,1,5,4,2,4,0,1,W,L,W,W,W,W,30,31,5,4
6097,18,15,58,EVE,LIV,0,1,1,4,2,2,1,2,0,0,L,W,L,W,D,W,16,33,16,4
6097,18,15,58,FOR,MNU,1,1,3,0,2,0,0,2,0,1,D,D,W,L,D,L,23,27,11,8
6097,18,15,58,FUL,LEE,2,2,1,2,1,2,0,3,1,2,D,D,L,W,L,D,11,24,17,10
6097,18,15,58,WHU,SOU,1,1,0,1,1,1,4,0,3,1,D,D,L,W,W,L,30,20,6,12
6097,19,16,0,BOU,FUL,1,0,0,2,0,1,1,1,1,0,W,L,L,D,L,L,14,11,16,17
6097,19,16,0,LIV,TOT,1,0,1,3,4,1,2,1,2,2,W,L,W,W,W,L,36,18,2,12
6097,19,16,0,MNU,CHE,1,2,1,1,0,1,0,1,2,1,L,W,D,W,L,L,27,39,7,1
6097,19,16,0,CRY,ASV,4,2,0,2,2,1,2,0,1,3,W,L,D,W,W,W,27,34,7,4
6097,19,16,0,WOL,WHU,2,1,0,1,0,0,0,1,2,4,W,L,L,D,L,L,20,30,12,6
6097,19,16,0,BRN,BRI,3,2,1,1,1,0,1,2,1,1,W,L,L,W,L,L,19,21,13,11
6097,19,16,0,LEI,FOR,2,1,0,1,1,3,4,2,4,0,W,L,L,D,W,W,34,23,4,9
6097,19,16,0,LEE,EVE,3,2,2,0,2,1,2,2,3,1,W,L,D,L,W,L,27,16,6,13
6097,19,16,0,NWC,MNC,2,1,1,0,4,2,2,0,1,2,W,L,L,D,W,W,29,37,6,2
6097,19,16,0,SOU,ARS,2,2,1,3,1,2,1,5,0,2,D,D,D,W,W,W,21,31,10,5
6097,20,16,2,LEE,TOT,1,0,3,0,2,3,2,1,2,1,W,L,W,L,D,W,30,18,6,13
6097,20,16,2,LEI,CHE,2,2,2,2,0,1,1,1,4,1,D,D,W,W,L,W,35,40,4,1
6097,20,16,2,WOL,ARS,2,0,2,2,0,3,0,2,0,5,W,L,W,D,L,W,23,31,10,6
6097,20,16,2,MNU,FUL,1,0,1,0,1,2,0,1,0,1,W,L,L,L,D,D,30,11,7,16
6097,20,16,2,BOU,EVE,5,1,1,2,0,0,0,1,1,2,W,L,W,L,L,L,17,16,14,15
6097,20,16,2,BRI,WHU,1,1,2,1,1,1,0,0,2,1,D,D,L,L,W,D,22,31,11,6
6097,20,16,2,CRY,BRN,1,1,4,3,0,1,2,1,2,1,D,D,W,W,D,L,28,20,9,13
6097,20,16,2,LIV,MNC,0,0,1,1,1,0,4,2,2,0,D,D,W,L,W,D,37,38,3,2
6097,20,16,2,SOU,FOR,2,0,2,1,1,1,1,3,1,2,W,L,D,L,D,D,24,23,10,11
6097,20,16,2,NWC,ASV,1,0,2,2,1,2,4,1,2,0,W,L,W,L,L,W,32,34,6,5
6097,21,16,4,TOT,BOU,3,2,0,5,0,1,3,0,1,0,W,L,L,W,L,W,21,17,13,15
6097,21,16,4,ASV,LIV,1,2,0,0,2,1,2,1,1,4,L,W,L,D,L,W,34,40,4,1
6097,21,16,4,CHE,SOU,2,3,2,2,2,2,1,1,1,1,L,W,D,W,W,D,40,27,1,9
6097,21,16,4,CRY,BRI,2,1,1,1,4,2,0,1,2,0,W,L,D,D,W,L,31,22,6,10
6097,21,16,4,FUL,LEI,1,1,0,2,0,2,2,0,1,1,D,D,L,D,L,W,12,36,15,3
6097,21,16,4,ARS,WHU,2,3,0,1,2,1,3,1,2,0,L,W,L,D,D,L,31,34,6,4
6097,21,16,4,FOR,WOL,0,0,0,2,1,2,1,0,3,0,D,D,L,W,L,W,24,24,9,9
6097,21,16,4,BRN,NWC,3,0,1,1,3,2,1,1,1,4,W,L,D,W,W,W,23,32,10,5
6097,21,16,4,EVE,MNU,0,2,1,1,2,1,0,1,1,0,L,W,L,W,L,L,16,33,15,5
6097,21,16,4,MNC,LEE,1,4,0,1,1,3,0,2,2,2,L,W,D,W,L,W,38,33,2,5
6097,22,16,6,NWC,CRY,5,0,0,2,1,1,2,4,1,0,W,L,L,W,W,D,35,31,4,7
6097,22,16,6,WHU,FOR,3,3,3,0,1,0,1,1,1,1,D,D,W,D,D,L,35,25,4,9
6097,22,16,6,MNU,TOT,3,1,2,3,1,0,1,0,1,3,W,L,W,W,W,L,36,21,3,13
6097,22,16,6,LIV,BRN,3,1,2,3,0,1,1,3,1,1,W,L,W,W,D,D,43,23,1,12
6097,22,16,6,BOU,MNC,1,3,2,1,5,0,1,1,0,0,L,W,L,L,W,D,17,41,15,2
6097,22,16,6,WOL,CHE,0,0,0,2,2,2,2,2,0,1,D,D,D,L,W,D,25,41,9,2
6097,22,16,6,LEI,EVE,2,0,1,0,2,1,2,2,0,0,W,L,D,L,D,L,39,16,3,15
6097,22,16,6,BRI,ARS,1,0,1,2,1,0,2,2,1,3,W,L,L,L,D,L,25,31,10,8
6097,22,16,6,LEE,ASV,2,0,4,1,1,0,3,2,2,2,W,L,W,L,W,L,36,34,4,6
6097,22,16,6,SOU,FUL,1,0,3,1,2,0,2,0,1,2,W,L,W,D,W,L,30,12,8,14
6097,23,16,8,NWC,BRI,1,1,5,1,0,1,1,1,2,2,D,D,W,W,L,L,36,26,4,9
6097,23,16,8,CRY,LIV,0,1,0,3,2,2,1,0,4,1,L,W,L,W,W,W,31,46,7,1
6097,23,16,8,FOR,ARS,0,2,3,0,0,2,0,0,1,2,L,W,D,L,D,L,25,34,10,6
6097,23,16,8,TOT,LEI,3,1,1,2,3,1,0,2,0,2,W,L,L,W,W,D,24,39,11,3
6097,23,16,8,MNC,MNU,0,4,3,3,1,2,0,1,1,1,L,W,W,W,L,W,41,39,2,3
6097,23,16,8,FUL,WOL,2,3,0,0,1,0,0,2,0,2,L,W,L,D,D,D,12,28,16,9
6097,23,16,8,ASV,BOU,1,1,0,1,1,2,0,5,2,1,D,D,L,L,L,L,35,18,5,14
6097,23,16,8,CHE,WHU,1,1,0,3,2,3,2,1,2,1,D,D,D,D,L,W,42,36,2,5
6097,23,16,8,BRN,LEE,1,0,1,2,3,4,1,1,3,3,W,L,L,W,W,W,26,36,11,5
6097,23,16,8,EVE,SOU,2,2,0,1,0,3,1,2,2,2,D,D,L,W,L,W,17,31,14,8
6097,24,16,10,ARS,CHE,3,0,2,1,0,0,2,2,0,2,W,L,W,D,L,D,37,42,5,2
6097,24,16,10,MNU,ASV,0,4,4,1,3,0,2,1,1,0,L,W,W,D,W,L,39,38,4,5
6097,24,16,10,BRI,FOR,3,1,1,0,1,3,1,0,1,0,W,L,D,L,W,D,29,25,9,12
6097,24,16,10,BOU,BRN,2,1,1,1,1,1,2,3,5,1,W,L,D,W,L,L,21,26,14,11
6097,24,16,10,SOU,TOT,1,1,2,3,1,1,3,3,2,0,D,D,D,W,W,L,32,25,8,13
6097,24,16,10,LEE,CRY,3,2,0,0,2,0,4,2,1,1,W,L,L,L,W,L,39,31,4,9
6097,24,16,10,LEI,MNC,2,4,1,0,2,3,1,1,2,0,L,W,L,L,W,W,39,44,4,2
6097,24,16,10,WOL,EVE,2,2,3,2,0,0,0,0,2,1,D,D,W,D,D,L,29,18,10,14
6097,24,16,10,LIV,NWC,2,1,1,1,3,5,2,0,0,1,W,L,W,D,W,W,49,36,1,7
6097,24,16,10,WHU,FUL,2,0,1,2,3,0,3,1,1,0,W,L,D,L,D,L,39,12,4,15
6097,25,16,12,EVE,WHU,3,2,2,2,2,1,0,3,0,3,W,L,D,W,D,D,21,39,13,4
6097,25,16,12,NWC,LEE,2,0,1,3,1,0,5,2,0,4,W,L,L,W,D,L,39,39,4,4
6097,25,16,12,ASV,LEI,0,0,4,2,1,1,0,2,1,1,D,D,W,L,D,L,39,40,5,4
6097,25,16,12,CRY,BOU,3,0,2,2,0,1,0,1,2,2,W,L,L,W,L,D,34,21,7,12
6097,25,16,12,CHE,FOR,5,1,0,1,1,0,0,3,2,0,W,L,L,L,D,L,45,25,2,11
6097,25,16,12,LIV,BRI,5,1,2,3,1,1,3,1,2,1,W,L,W,W,W,D,52,29,1,9
6097,25,16,12,FUL,ARS,3,1,0,3,2,2,0,0,1,2,W,L,L,W,L,W,15,37,13,6
6097,25,16,12,MNC,SOU,6,0,4,1,0,2,3,1,1,3,W,L,W,D,L,D,47,32,2,8
6097,25,16,12,BRN,MNU,0,3,1,0,1,4,1,3,3,2,L,W,L,L,W,W,26,42,11,4
6097,25,16,12,TOT,WOL,3,2,1,2,3,3,1,0,3,0,W,L,D,D,W,W,28,29,11,10
6097,26,16,14,WHU,TOT,4,1,2,3,2,1,1,3,3,1,W,L,L,W,W,D,42,28,4,11
6097,26,16,14,BRI,CHE,1,0,1,5,3,0,1,1,1,0,W,L,L,W,W,L,32,45,9,3
6097,26,16,14,LEI,BRN,2,1,0,0,2,1,1,1,2,1,W,L,D,L,L,L,43,26,4,12
6097,26,16,14,BOU,NWC,0,2,0,2,2,1,1,1,1,5,L,W,L,W,W,L,21,42,14,5
6097,26,16,14,FOR,FUL,1,4,1,3,1,0,0,2,3,0,L,W,L,W,L,L,25,18,13,15
6097,26,16,14,LEE,LIV,2,4,0,5,3,2,0,1,2,3,L,W,L,W,W,W,39,55,6,1
6097,26,16,14,ARS,EVE,0,2,1,3,3,2,2,2,0,0,L,W,L,W,W,D,37,24,7,14
6097,26,16,14,MNU,CRY,2,0,3,3,0,2,4,0,3,0,W,L,W,W,L,L,45,34,3,8
6097,26,16,14,SOU,ASV,1,3,0,0,1,4,2,1,1,0,L,W,L,D,D,W,32,42,9,5
6097,26,16,14,WOL,MNC,1,3,2,6,2,4,3,0,0,3,L,W,L,W,D,W,29,50,10,2
6097,27,16,16,NWC,MNU,1,2,2,2,2,3,1,0,1,4,L,W,W,W,W,W,42,48,6,3
6097,27,16,16,TOT,ARS,2,1,1,0,3,1,1,3,3,2,W,L,L,L,W,L,31,37,11,8
6097,27,16,16,EVE,FOR,1,0,2,1,3,1,2,1,2,0,W,L,W,L,W,L,27,25,13,15
6097,27,16,16,MNC,WHU,2,0,3,4,6,2,4,2,0,1,W,L,W,W,W,L,53,42,2,6
6097,27,16,16,LIV,BOU,3,0,4,0,5,0,2,2,1,1,W,L,W,L,W,L,58,21,1,16
6097,27,16,16,FUL,CHE,1,0,4,0,3,5,0,0,2,1,W,L,W,L,W,W,21,45,16,4
6097,27,16,16,CRY,LEI,1,1,0,2,3,0,2,2,0,1,D,D,L,W,W,D,35,44,9,5
6097,27,16,16,LEE,BRI,3,2,2,1,0,1,3,3,0,1,W,L,L,W,L,L,42,32,6,9
6097,27,16,16,ASV,WOL,3,3,3,1,0,2,4,2,1,3,D,D,W,L,D,L,43,30,6,12
6097,27,16,16,BRN,SOU,2,0,1,1,0,0,1,1,1,2,W,L,L,L,L,L,29,32,13,10
6097,28,16,18,ARS,MNC,4,1,1,2,0,3,1,6,3,4,W,L,L,W,L,W,40,53,8,2
6097,28,16,18,BRI,FUL,2,1,2,1,1,4,1,3,3,0,W,L,L,W,W,W,35,21,9,16
6097,28,16,18,SOU,CRY,2,2,0,1,1,0,0,3,1,2,D,D,L,D,L,L,33,36,11,9
6097,28,16,18,LEI,NWC,0,0,1,1,2,2,0,2,2,1,D,D,D,L,W,W,45,43,4,5
6097,28,16,18,CHE,EVE,0,1,0,1,0,2,5,3,0,2,L,W,L,W,L,W,45,30,4,12
6097,28,16,18,WOL,BRN,1,1,3,2,1,1,2,0,2,1,D,D,D,W,L,L,31,30,11,12
6097,28,16,18,BOU,LEE,0,0,0,3,0,2,0,0,2,3,D,D,L,W,L,L,22,43,14,5
6097,28,16,18,FOR,TOT,1,2,0,2,1,1,1,3,1,1,L,W,L,W,L,L,25,34,14,10
6097,28,16,18,MNU,LIV,1,1,2,3,2,4,3,5,0,2,D,D,W,W,W,W,49,59,3,1
6097,28,16,18,WHU,ASV,3,1,0,3,4,3,2,0,2,4,W,L,L,D,W,W,45,43,4,5
6097,29,16,20,MNC,FOR,5,1,1,1,2,0,3,1,6,1,W,L,L,L,W,L,56,25,2,13
6097,29,16,20,EVE,FUL,0,0,1,1,1,1,2,4,3,3,D,D,W,L,W,W,31,22,11,14
6097,29,16,20,LEE,MNU,1,0,0,1,3,2,2,2,0,3,W,L,D,D,W,W,46,49,4,3
6097,29,16,20,TOT,CHE,3,1,2,0,2,0,1,0,3,5,W,L,W,L,W,L,37,45,8,5
6097,29,16,20,BRN,WHU,1,3,1,3,2,0,1,4,0,2,L,W,D,W,W,L,30,48,14,4
6097,29,16,20,CRY,WOL,1,0,2,1,1,3,0,1,3,2,W,L,D,D,D,D,39,31,9,13
6097,29,16,20,LIV,LEI,3,1,1,0,3,1,4,2,5,0,W,L,D,D,W,D,62,45,1,6
6097,29,16,20,NWC,SOU,4,0,0,2,1,0,2,1,2,0,W,L,D,D,L,L,46,33,5,12
6097,29,16,20,BOU,BRI,3,1,0,2,0,2,0,1,0,1,W,L,D,W,L,L,25,35,15,11
6097,29,16,20,ASV,ARS,2,2,1,4,3,1,3,0,0,1,D,D,L,W,D,L,44,41,7,8
6097,30,16,22,ARS,BRN,2,1,2,1,4,1,1,2,0,1,W,L,D,L,W,D,44,30,7,13
6097,30,16,22,WHU,CRY,0,0,3,1,3,2,0,1,4,0,D,D,W,W,W,D,49,40,3,7
6097,30,16,22,BRI,EVE,2,1,1,0,2,1,2,1,1,2,W,L,L,D,W,W,38,31,8,11
6097,30,16,22,CHE,MNC,1,3,1,5,0,1,0,2,0,3,L,W,L,W,L,L,45,59,5,2
6097,30,16,22,LEI,LEE,0,0,1,1,0,0,1,3,2,2,D,D,L,W,D,D,46,47,5,4
6097,30,16,22,SOU,LIV,1,3,0,3,2,1,0,3,1,4,L,W,L,W,D,D,33,65,11,1
6097,30,16,22,FUL,TOT,0,2,0,3,1,2,1,2,4,1,L,W,D,W,L,W,22,40,14,8
6097,30,16,22,FOR,ASV,3,2,1,2,1,1,0,3,1,3,W,L,L,D,L,L,28,44,13,7
6097,30,16,22,MNU,BOU,3,0,0,3,1,0,2,0,2,0,W,L,L,W,D,D,52,25,3,15
6097,30,16,22,WOL,NWC,1,1,0,4,1,0,3,1,1,2,D,D,L,W,D,D,32,47,12,5
6097,31,16,24,MNU,BRI,3,0,3,2,0,1,1,2,2,2,W,L,W,W,L,L,55,38,3,10
6097,31,16,24,ASV,CHE,0,4,2,1,2,1,1,0,3,0,L,W,L,L,D,L,44,48,8,5
6097,31,16,24,BOU,LEI,3,0,0,0,3,1,0,0,0,1,W,L,L,D,W,L,28,46,15,7
6097,31,16,24,MNC,FUL,4,1,3,0,5,0,1,1,2,1,W,L,W,L,W,D,62,22,2,16
6097,31,16,24,BRN,FOR,1,2,1,3,1,1,1,1,2,0,L,W,L,W,L,L,30,31,14,13
6097,31,16,24,LEE,SOU,0,2,0,1,1,0,0,2,3,0,L,W,D,L,W,L,47,36,6,11
6097,31,16,24,CRY,ARS,0,0,0,2,1,2,2,4,1,1,D,D,D,W,W,D,41,45,10,8
6097,31,16,24,LIV,WOL,0,3,3,1,3,0,1,1,3,3,L,W,W,D,W,L,65,35,1,14
6097,31,16,24,TOT,EVE,1,0,2,1,3,0,2,1,2,1,W,L,W,L,W,D,43,31,10,15
6097,31,16,24,NWC,WHU,2,1,1,0,4,3,0,3,1,0,W,L,D,D,W,W,50,49,4,5
6097,32,16,26,EVE,MNC,0,1,0,4,1,3,0,5,1,1,L,W,L,W,L,W,31,65,15,1
6097,32,16,26,CHE,BRN,1,0,4,1,1,1,1,1,0,1,W,L,W,L,L,L,51,30,3,16
6097,32,16,26,LEI,MNU,1,4,0,3,0,3,1,0,0,1,L,W,L,W,D,W,46,58,7,2
6097,32,16,26,ARS,NWC,0,0,0,2,2,1,2,4,4,0,D,D,D,W,W,D,46,51,6,3
6097,32,16,26,FUL,ASV,1,0,1,0,0,2,0,2,1,1,W,L,L,L,L,L,25,44,16,7
6097,32,16,26,BRI,TOT,1,1,0,1,2,2,1,3,2,2,D,D,L,W,W,W,39,44,9,7
6097,32,16,26,SOU,BOU,5,0,2,3,1,0,0,3,2,0,W,L,W,W,L,L,39,28,9,13
6097,32,16,26,FOR,CRY,1,2,2,0,3,0,1,1,1,2,L,W,W,D,W,D,31,44,10,7
6097,32,16,26,WOL,LEE,2,0,3,0,1,0,0,1,1,0,W,L,W,L,D,D,38,47,9,5
6097,32,16,26,WHU,LIV,0,2,1,0,0,3,3,3,3,1,L,W,L,L,D,W,49,68,5,1
6097,33,16,28,MNC,TOT,3,1,1,1,4,1,3,2,5,3,W,L,W,D,W,W,68,44,1,7
6097,33,16,28,LIV,ARS,2,1,2,0,0,0,3,2,3,2,W,L,W,D,L,D,71,46,1,7
6097,33,16,28,BRN,FUL,0,2,0,1,1,1,1,0,1,0,L,W,L,W,L,L,30,28,12,13
6097,33,16,28,CRY,CHE,0,2,2,1,0,4,0,1,1,1,L,W,W,W,D,W,44,54,9,4
6097,33,16,28,LEE,WHU,0,1,0,0,0,1,0,0,1,3,L,W,L,L,L,L,47,52,7,5
6097,33,16,28,ASV,EVE,1,2,0,0,0,0,2,1,2,0,L,W,L,L,L,L,44,34,9,12
6097,33,16,28,LEI,BRI,2,1,1,1,0,0,0,2,1,1,W,L,L,D,L,L,49,39,7,11
6097,33,16,28,MNU,SOU,1,1,4,5,3,2,3,1,0,0,D,D,W,W,W,W,59,40,3,11
6097,33,16,28,BOU,WOL,2,4,0,2,3,3,0,1,3,0,L,W,L,W,W,W,28,41,17,11
6097,33,16,28,NWC,FOR,3,2,0,1,2,2,1,3,4,1,W,L,D,L,W,W,54,31,4,14
6097,34,16,30,TOT,ASV,0,0,1,1,1,0,1,0,2,2,D,D,L,L,D,L,45,45,9,9
6097,34,16,30,WHU,BOU,3,1,1,2,0,0,1,3,0,0,W,L,W,L,L,L,55,28,4,17
6097,34,16,30,EVE,BRN,1,2,2,0,0,0,0,1,1,1,L,W,W,L,L,L,34,33,14,15
6097,34,16,30,BRI,MNC,0,3,1,3,1,1,0,4,2,3,L,W,L,W,D,W,39,71,12,1
6097,34,16,30,ARS,LEE,2,0,1,0,0,0,0,0,2,0,W,L,L,L,D,L,49,47,5,6
6097,34,16,30,SOU,LEI,1,3,1,2,5,1,2,0,1,0,L,W,D,W,W,L,40,52,11,5
6097,34,16,30,FUL,CRY,1,1,2,0,1,2,1,0,0,0,D,D,W,L,W,W,29,45,15,8
6097,34,16,30,FOR,LIV,0,1,2,2,1,2,2,0,3,3,L,W,L,W,L,W,31,74,15,1
6097,34,16,30,WOL,MNU,0,3,4,1,2,4,3,3,1,3,L,W,W,D,W,W,41,62,10,3
6097,34,16,30,CHE,NWC,1,1,2,3,1,0,4,2,1,1,D,D,W,W,W,D,55,55,4,4
6097,35,16,32,SOU,BRI,1,0,1,0,1,1,5,1,2,0,W,L,L,L,D,L,43,39,9,11
6097,35,16,32,MNU,WHU,3,1,3,3,1,1,4,0,3,1,W,L,W,W,D,W,65,55,3,4
6097,35,16,32,NWC,FUL,2,2,1,1,3,2,0,1,2,1,D,D,D,D,W,W,56,30,4,16
6097,35,16,32,LEI,WOL,0,1,3,0,2,4,1,2,0,3,L,W,W,L,W,W,52,44,6,10
6097,35,16,32,LIV,CHE,0,0,1,1,2,2,2,1,0,4,D,D,W,D,W,W,75,56,1,4
6097,35,16,32,ASV,MNC,0,1,0,3,1,3,0,1,0,4,L,W,D,W,L,W,45,74,9,2
6097,35,16,32,LEE,FOR,1,1,0,0,0,2,0,1,0,2,D,D,L,L,L,L,48,32,8,15
6097,35,16,32,BRN,TOT,1,1,2,0,0,1,0,1,1,1,D,D,W,D,L,L,34,46,14,9
6097,35,16,32,CRY,EVE,1,0,1,1,0,2,2,0,0,0,W,L,D,L,L,W,48,34,8,14
6097,35,16,32,BOU,ARS,2,4,1,2,2,1,0,0,3,0,L,W,L,W,L,L,28,52,16,6
6097,36,16,34,FUL,LIV,2,2,2,0,1,1,2,2,1,2,D,D,D,D,D,W,31,76,15,1
6097,36,16,34,ARS,MNU,2,0,4,3,2,3,1,1,0,4,W,L,W,W,W,W,55,65,5,3
6097,36,16,34,WOL,SOU,0,0,1,1,0,1,4,1,2,5,D,D,W,W,L,L,45,44,9,10
6097,36,16,34,CHE,LEE,2,2,0,1,1,0,2,0,1,0,D,D,D,D,D,L,57,49,4,8
6097,36,16,34,FOR,BOU,0,1,1,2,0,1,2,2,1,0,L,W,D,L,L,L,32,31,15,16
6097,36,16,34,MNC,BRN,2,3,1,1,3,2,3,0,1,0,L,W,W,D,W,W,74,37,2,14
6097,36,16,34,BRI,ASV,2,1,0,0,0,0,1,1,1,0,W,L,L,L,L,D,42,45,13,11
6097,36,16,34,WHU,LEI,0,0,1,0,3,3,1,2,0,1,D,D,L,L,W,W,56,53,5,7
6097,36,16,34,EVE,NWC,1,1,0,2,1,1,2,3,0,0,D,D,L,D,L,D,35,57,15,4
6097,36,16,34,TOT,CRY,2,3,1,1,0,1,1,0,1,2,L,W,D,W,D,D,46,51,10,8
6097,37,16,36,NWC,TOT,2,0,1,2,2,1,1,0,3,1,W,L,D,L,D,D,60,46,4,11
6097,37,16,36,LEI,ARS,1,0,0,2,0,4,3,2,2,1,W,L,D,W,L,W,56,55,6,7
6097,37,16,36,MNU,FOR,3,2,0,0,3,1,3,0,1,2,W,L,L,L,W,D,68,32,3,16
6097,37,16,36,BRN,ASV,2,1,3,1,1,0,2,0,0,1,W,L,W,L,D,L,40,45,14,11
6097,37,16,36,SOU,WHU,1,1,0,0,1,1,1,3,1,1,D,D,D,D,W,L,45,57,11,5
6097,37,16,36,WOL,BRI,1,1,0,2,1,0,0,0,4,1,D,D,D,W,W,L,46,43,10,12
6097,37,16,36,CRY,MNC,2,1,3,2,1,1,1,3,0,3,W,L,W,L,W,W,54,74,8,2
6097,37,16,36,BOU,CHE,1,2,1,2,2,0,1,1,2,2,L,W,W,D,L,D,31,60,16,4
6097,37,16,36,LIV,EVE,3,3,2,1,0,0,1,1,2,2,D,D,D,D,D,L,77,36,1,14
6097,37,16,36,LEE,FUL,1,1,2,2,1,2,0,1,0,2,D,D,D,D,D,D,50,32,9,15
6097,38,16,38,MNC,NWC,2,3,1,2,2,1,1,2,3,1,L,W,L,W,L,D,74,63,2,4
6097,38,16,38,ARS,SOU,2,0,0,1,2,0,4,1,2,1,W,L,L,D,W,D,58,45,6,12
6097,38,16,38,WHU,WOL,1,0,1,1,0,0,1,1,3,0,W,L,D,D,D,D,60,46,5,10
6097,38,16,38,EVE,LEE,4,1,3,1,1,2,0,1,1,0,W,L,D,D,D,D,39,50,14,9
6097,38,16,38,CHE,MNU,1,2,2,3,2,0,0,3,1,3,L,W,W,W,D,L,60,71,5,3
6097,38,16,38,FUL,BOU,2,1,1,1,2,1,2,2,1,1,W,L,D,L,D,W,35,31,15,17
6097,38,16,38,TOT,LIV,1,1,0,3,2,2,1,0,0,1,D,D,L,D,L,D,47,78,10,1
6097,38,16,38,ASV,CRY,3,1,1,2,1,3,0,1,0,1,W,L,L,W,L,W,48,54,10,8
6097,38,16,38,BRI,BRN,2,4,1,2,2,3,0,1,0,2,L,W,D,W,W,W,43,43,14,14
6097,38,16,38,FOR,LEI,0,1,2,1,0,0,1,0,0,3,L,W,L,W,L,D,32,59,17,6
6099,5,18,4,MNC,NWC,2,0,2,5,3,1,2,2,1,2,W,L,W,W,W,L,15,9,1,2
6099,5,18,4,CRY,LEI,0,2,2,1,0,0,3,1,1,2,L,W,W,L,L,L,7,6,4,5
6099,5,18,4,EVE,BRN,6,0,0,2,2,2,3,2,1,1,W,L,L,L,D,D,8,1,3,9
6099,5,18,4,ASV,WOL,3,0,0,4,2,1,2,2,2,0,W,L,D,W,W,W,11,9,2,3
6099,5,18,4,LEE,BRI,2,3,1,4,3,0,1,2,1,2,L,W,L,W,W,L,3,12,10,2
6099,5,18,4,ARS,FOR,2,3,1,0,2,1,0,0,2,0,L,W,D,L,D,D,5,4,8,9
6099,5,18,4,MNU,SOU,0,0,1,0,5,1,1,0,0,0,D,D,L,D,W,L,4,2,9,11
6099,5,18,4,LIV,TOT,0,0,2,1,3,1,1,2,1,3,D,D,W,L,W,L,10,5,4,9
6099,5,18,4,WHU,BOU,2,2,2,0,1,0,1,2,3,0,D,D,W,L,D,L,9,4,5,10
6099,5,18,4,FUL,CHE,1,1,3,1,2,1,0,1,1,2,D,D,W,D,D,W,5,9,9,5
6099,6,18,6,BRI,BRN,3,0,3,0,4,2,0,2,2,2,W,L,W,L,W,L,15,1,1,12
6099,6,18,6,TOT,WHU,1,1,0,2,1,2,1,1,2,1,D,D,D,D,L,W,6,10,7,3
6099,6,18,6,NWC,LIV,1,1,0,0,5,2,1,3,2,1,D,D,L,D,W,W,10,11,3,2
6099,6,18,6,LEI,ARS,2,1,2,2,1,1,0,2,1,0,W,L,W,L,L,D,9,5,4,8
6099,6,18,6,WOL,MNU,2,2,0,0,4,1,1,5,2,1,D,D,L,D,W,L,10,5,3,8
6099,6,18,6,CHE,EVE,3,1,1,6,1,0,1,2,1,3,W,L,D,W,D,L,12,8,2,6
6099,6,18,6,FOR,FUL,1,1,3,1,0,3,1,2,0,0,D,D,W,D,L,W,5,6,9,8
6099,6,18,6,SOU,MNC,2,1,0,2,0,2,1,3,0,2,W,L,D,W,D,W,5,15,9,1
6099,6,18,6,BOU,CRY,3,3,2,0,0,2,0,0,2,3,D,D,D,L,L,W,5,8,8,6
6099,6,18,6,LEE,ASV,1,2,2,3,1,0,3,2,1,2,L,W,L,W,L,D,3,14,10,2
6099,7,18,8,MNU,LEE,1,2,2,1,0,2,1,1,5,3,L,W,D,L,D,L,5,6,9,8
6099,7,18,8,BRN,CHE,2,2,0,3,0,1,2,1,2,1,D,D,L,W,L,D,2,13,10,3
6099,7,18,8,LIV,SOU,1,1,1,2,0,0,2,0,3,1,D,D,D,W,D,D,12,6,4,8
6099,7,18,8,MNC,WOL,1,0,1,2,2,0,2,4,3,1,W,L,L,D,W,L,18,10,1,6
6099,7,18,8,ARS,BOU,2,1,1,3,2,2,1,0,2,0,W,L,L,D,L,D,8,5,8,10
6099,7,18,8,WHU,NWC,2,3,1,1,2,0,2,5,1,1,L,W,D,D,D,L,10,13,6,4
6099,7,18,8,ASV,BRI,1,2,2,3,3,3,0,4,2,0,L,W,W,W,W,W,14,18,2,1
6099,7,18,8,CRY,TOT,0,4,3,1,0,0,2,1,0,1,L,W,D,D,L,D,8,9,7,6
6099,7,18,8,FUL,LEI,1,1,1,2,1,2,3,1,2,0,D,D,D,W,D,W,7,10,8,5
6099,7,18,8,EVE,FOR,0,2,1,1,6,3,0,0,2,1,L,W,L,D,W,W,8,8,7,7
6099,8,18,10,SOU,WHU,3,2,1,2,2,1,0,2,0,2,W,L,D,L,W,D,9,10,6,5
6099,8,18,10,BOU,FUL,0,3,1,1,3,1,2,1,0,3,L,W,L,D,D,D,5,10,9,5
6099,8,18,10,WOL,LIV,0,4,0,1,2,1,0,0,4,2,L,W,L,D,D,D,10,15,5,2
6099,8,18,10,NWC,CRY,2,2,3,0,1,3,0,0,5,2,D,D,W,L,D,D,14,9,3,6
6099,8,18,10,TOT,ARS,0,2,4,2,1,1,0,2,1,1,L,W,W,W,D,L,9,11,7,5
6099,8,18,10,ASV,MNU,3,2,1,1,2,2,3,0,0,1,W,L,L,L,W,D,17,5,2,11
6099,8,18,10,LEI,EVE,0,2,1,0,2,1,2,6,1,0,L,W,D,L,W,L,10,11,7,6
6099,8,18,10,LEE,MNC,0,1,2,1,1,1,2,2,1,2,L,W,W,W,L,L,6,21,11,1
6099,8,18,10,BRI,CHE,2,2,2,2,3,3,3,1,4,1,D,D,W,D,W,W,19,14,2,5
6099,8,18,10,FOR,BRN,5,1,2,2,1,0,3,0,0,2,W,L,W,D,D,L,11,2,6,11
6099,9,18,12,MNU,BRI,1,0,2,2,1,2,2,3,0,3,W,L,L,D,L,W,8,19,9,2
6099,9,18,12,BRN,LEI,1,2,1,0,2,1,0,2,0,2,L,W,L,L,D,D,2,13,13,6
6099,9,18,12,CHE,FOR,3,1,2,5,2,2,3,1,1,3,W,L,D,W,D,W,17,11,3,7
6099,9,18,12,ARS,NWC,1,0,2,2,2,3,1,1,2,0,W,L,W,D,W,W,14,14,5,5
6099,9,18,12,EVE,BOU,2,1,2,0,0,1,1,3,6,2,W,L,W,L,L,L,14,5,5,12
6099,9,18,12,LIV,LEE,2,1,4,0,1,2,1,1,0,2,W,L,W,L,D,W,18,6,3,11
6099,9,18,12,CRY,SOU,3,0,2,3,0,1,3,2,0,0,W,L,D,W,L,D,12,9,7,10
6099,9,18,12,MNC,ASV,1,0,1,3,1,1,1,2,2,3,W,L,W,W,W,L,24,17,1,4
6099,9,18,12,WHU,WOL,2,2,2,0,2,0,1,2,2,0,D,D,L,L,L,L,11,11,8,8
6099,9,18,12,FUL,TOT,0,1,3,0,1,4,1,1,1,0,L,W,W,L,D,W,10,12,9,7
6099,10,18,14,ASV,LIV,1,2,0,2,3,4,1,1,2,1,L,W,L,W,W,W,17,21,4,2
6099,10,18,14,BOU,BRN,0,0,1,1,0,1,1,2,3,0,D,D,L,L,L,L,6,3,12,13
6099,10,18,14,LEI,CHE,2,0,2,3,0,2,1,2,2,3,W,L,W,W,L,D,16,17,5,4
6099,10,18,14,NWC,FUL,2,2,0,0,2,3,3,1,1,1,D,D,L,L,D,W,15,11,6,9
6099,10,18,14,MNU,MNC,0,0,1,1,2,1,1,1,2,1,D,D,W,W,L,W,9,25,10,1
6099,10,18,14,BRI,FOR,0,3,0,1,2,5,2,2,3,1,L,W,L,L,D,W,19,14,3,7
6099,10,18,14,SOU,ARS,1,2,0,1,3,2,1,2,2,1,L,W,L,W,W,W,9,17,10,4
6099,10,18,14,WOL,CRY,1,2,2,3,0,2,0,0,2,3,L,W,D,W,L,D,11,15,9,6
6099,10,18,14,TOT,EVE,3,1,1,2,0,2,4,0,1,1,W,L,W,W,L,W,15,14,6,7
6099,10,18,14,LEE,WHU,2,2,1,2,0,2,2,2,1,1,D,D,L,D,L,L,7,12,11,8
6099,11,18,16,ARS,WOL,1,1,2,1,1,2,2,0,2,0,D,D,W,L,W,D,18,12,4,9
6099,11,18,16,MNC,BRI,2,2,0,0,1,0,1,2,1,2,D,D,D,L,W,L,26,20,1,3
6099,11,18,16,CHE,BOU,4,0,0,0,3,1,2,0,2,1,W,L,L,D,W,L,20,6,3,13
6099,11,18,16,FUL,SOU,2,2,2,1,0,0,3,3,1,1,D,D,D,L,L,L,12,10,9,10
6099,11,18,16,EVE,NWC,0,0,1,2,2,0,2,2,0,3,D,D,L,D,W,L,15,16,7,6
6099,11,18,16,CRY,LEE,0,2,2,2,3,1,2,0,0,2,L,W,W,D,W,L,15,10,7,10
6099,11,18,16,BRN,TOT,0,1,0,3,1,1,1,0,2,4,L,W,D,W,L,W,3,18,13,4
6099,11,18,16,FOR,LEI,0,1,3,2,1,2,5,0,2,1,L,W,W,W,L,W,14,19,9,4
6099,11,18,16,LIV,MNU,3,3,2,0,2,1,4,2,1,1,D,D,W,D,W,W,22,10,2,11
6099,11,18,16,WHU,ASV,1,0,2,1,2,0,2,3,2,1,W,L,D,L,D,L,15,17,8,6
6099,12,18,18,ASV,CRY,2,0,0,0,1,2,0,3,3,2,W,L,L,L,L,W,20,15,3,7
6099,12,18,18,LEE,ARS,3,1,2,1,2,2,1,1,0,2,W,L,W,D,D,W,13,18,9,5
6099,12,18,18,MNC,LIV,0,0,2,3,0,2,1,2,1,4,D,D,D,D,D,W,27,23,1,2
6099,12,18,18,WOL,FUL,0,2,1,2,1,2,2,0,0,3,L,W,D,D,L,D,12,15,10,7
6099,12,18,18,BOU,FOR,2,0,0,0,0,3,1,1,0,5,W,L,L,L,D,W,9,14,12,8
6099,12,18,18,SOU,EVE,0,2,2,0,1,1,0,2,3,2,L,W,D,D,L,L,10,18,11,5
6099,12,18,18,TOT,CHE,2,1,1,4,3,0,1,3,0,2,W,L,W,W,W,L,21,20,3,4
6099,12,18,18,NWC,BRN,0,1,0,0,2,0,0,1,2,1,L,W,D,L,D,D,16,6,7,14
6099,12,18,18,MNU,WHU,1,0,3,1,0,2,1,2,2,2,W,L,D,W,D,D,13,15,10,8
6099,12,18,18,BRI,LEI,1,1,2,1,0,2,0,2,2,0,D,D,D,W,L,W,21,20,3,4
6099,13,18,20,BRN,SOU,1,0,1,0,0,2,0,1,1,0,W,L,W,L,L,D,9,10,12,11
6099,13,18,20,FOR,TOT,1,0,0,2,0,1,3,3,1,1,W,L,L,W,L,W,17,21,6,3
6099,13,18,20,LEI,BOU,2,0,1,2,1,0,2,0,2,1,W,L,D,W,W,L,23,9,2,12
6099,13,18,20,LIV,BRI,1,0,0,1,3,2,2,0,2,0,W,L,D,D,D,D,26,21,2,4
6099,13,18,20,WHU,MNC,3,2,0,0,1,2,2,0,2,1,W,L,L,D,W,D,18,27,6,1
6099,13,18,20,FUL,LEE,3,2,2,3,2,2,2,2,0,1,W,L,W,W,D,W,18,13,6,10
6099,13,18,20,ARS,ASV,1,2,1,2,1,0,2,1,1,0,L,W,L,W,D,L,18,23,6,3
6099,13,18,20,CHE,NWC,4,0,1,0,4,0,0,2,3,0,W,L,L,L,W,D,23,16,3,7
6099,13,18,20,EVE,WOL,3,2,2,0,0,1,1,1,2,2,W,L,W,L,D,D,21,12,4,10
6099,13,18,20,CRY,MNU,2,3,0,1,0,3,2,0,3,1,L,W,L,W,L,D,15,16,8,7
6099,14,18,22,LIV,WHU,3,1,1,3,0,0,3,1,2,2,W,L,W,W,D,L,29,18,1,5
6099,14,18,22,BRI,BOU,2,0,0,0,1,2,2,0,0,0,W,L,L,L,D,W,24,9,3,13
6099,14,18,22,WOL,BRN,0,1,2,1,0,1,1,0,1,0,L,W,L,W,L,W,12,12,11,11
6099,14,18,22,MNU,ARS,1,1,3,1,1,1,3,1,0,2,D,D,W,L,W,L,17,19,8,6
6099,14,18,22,TOT,LEI,0,1,0,2,2,1,1,1,3,2,L,W,L,W,W,D,21,26,6,3
6099,14,18,22,ASV,FUL,3,1,2,3,2,2,0,2,1,2,W,L,W,W,W,W,26,18,3,8
6099,14,18,22,SOU,CHE,2,2,0,4,0,1,2,4,1,0,D,D,L,W,L,L,11,24,13,4
6099,14,18,22,NWC,FOR,3,1,0,1,0,0,0,0,2,3,W,L,L,W,L,L,19,17,6,8
6099,14,18,22,LEE,EVE,1,1,2,3,3,2,2,0,2,1,D,D,L,W,W,W,14,22,11,5
6099,14,18,22,MNC,CRY,5,0,2,2,0,0,2,0,0,2,W,L,L,L,D,L,30,15,1,10
6099,15,18,24,BRN,LEE,2,0,1,1,1,2,1,3,0,2,W,L,W,D,W,L,15,14,10,11
6099,15,18,24,EVE,ASV,2,2,1,3,3,2,2,2,0,0,D,D,D,W,W,W,23,27,6,3
6099,15,18,24,LEI,NWC,0,0,1,3,2,0,1,0,1,0,D,D,W,W,W,L,27,20,3,7
6099,15,18,24,WHU,BRI,1,2,1,2,3,0,0,1,1,2,L,W,L,W,W,L,18,27,9,3
6099,15,18,24,BOU,TOT,2,3,0,0,0,0,2,2,0,1,L,W,L,L,L,L,9,24,14,4
6099,15,18,24,FUL,MNU,0,1,1,1,3,3,2,1,2,3,L,W,L,D,W,W,18,20,8,6
6099,15,18,24,CHE,WOL,2,0,2,0,4,2,1,0,4,1,W,L,D,L,W,L,27,12,3,12
6099,15,18,24,ARS,MNC,1,1,1,5,1,2,1,0,1,2,D,D,D,W,L,L,20,31,6,1
6099,15,18,24,CRY,LIV,1,1,0,3,2,1,0,0,0,3,D,D,L,W,L,W,16,30,9,2
6099,15,18,24,FOR,SOU,3,1,1,2,1,0,0,0,0,2,W,L,L,D,W,L,20,11,6,12
6099,16,18,26,WHU,CRY,1,0,1,1,1,0,3,2,0,0,W,L,L,D,L,L,21,16,6,9
6099,16,18,26,LIV,ARS,4,1,1,1,3,1,1,1,0,1,W,L,D,D,W,D,33,20,1,7
6099,16,18,26,MNU,EVE,3,3,1,2,1,1,3,3,1,2,D,D,W,D,D,D,21,24,5,4
6099,16,18,26,SOU,LEI,1,1,1,0,2,1,0,2,0,1,D,D,L,D,D,W,12,28,12,3
6099,16,18,26,MNC,FUL,0,0,1,0,5,1,2,3,0,2,D,D,D,L,W,L,32,19,2,8
6099,16,18,26,LEE,CHE,0,0,0,2,1,2,2,4,3,1,D,D,L,W,D,D,15,28,10,3
6099,16,18,26,WOL,FOR,1,0,0,3,0,1,2,1,0,0,W,L,L,W,L,L,15,20,10,7
6099,16,18,26,ASV,BRN,1,0,2,2,3,1,2,1,2,1,W,L,D,W,W,W,30,15,3,11
6099,16,18,26,NWC,BOU,2,1,0,2,3,0,0,0,0,2,W,L,D,L,W,L,23,9,7,14
6099,16,18,26,BRI,TOT,2,2,2,3,2,0,0,0,1,2,D,D,W,W,W,L,28,25,4,5
6099,17,18,28,CHE,ASV,3,0,0,1,2,2,2,3,4,2,W,L,D,W,W,D,31,30,3,4
6099,17,18,28,FUL,LIV,1,2,0,4,0,1,1,3,3,1,L,W,D,W,L,D,19,36,11,1
6099,17,18,28,TOT,NWC,1,3,2,2,3,0,0,3,0,0,L,W,D,W,W,D,25,26,7,6
6099,17,18,28,LEI,WOL,3,0,1,1,0,0,1,0,2,2,W,L,D,W,D,L,31,15,3,13
6099,17,18,28,ARS,WHU,2,3,1,1,1,1,1,1,1,3,L,W,L,W,D,L,20,24,10,8
6099,17,18,28,BOU,SOU,2,3,1,1,2,1,0,2,0,0,L,W,L,D,L,L,9,15,14,13
6099,17,18,28,FOR,LEE,1,0,0,0,3,0,1,1,1,2,W,L,L,D,W,L,23,15,9,14
6099,17,18,28,CRY,BRI,1,2,0,2,1,2,0,2,2,0,L,W,L,D,D,W,16,31,12,3
6099,17,18,28,EVE,MNC,1,2,3,0,2,1,1,5,3,2,L,W,D,D,D,D,24,35,7,2
6099,17,18,28,BRN,MNU,1,1,0,3,2,1,1,1,1,3,D,D,L,D,W,W,16,22,12,9
6099,18,18,30,BRI,NWC,1,0,2,3,2,2,2,0,2,3,W,L,W,W,D,W,34,26,3,6
6099,18,18,30,LEE,LEI,1,1,0,3,0,1,0,0,1,1,D,D,L,W,D,D,16,32,14,4
6099,18,18,30,SOU,TOT,2,0,3,1,1,2,1,3,2,0,W,L,W,L,D,D,18,25,14,8
6099,18,18,30,WOL,BOU,0,0,0,2,1,1,0,2,0,0,D,D,L,L,W,L,16,10,15,16
6099,18,18,30,ASV,FOR,4,2,0,1,1,0,2,3,3,1,W,L,L,W,W,L,33,23,4,10
6099,18,18,30,MNU,CHE,2,1,1,3,3,0,1,2,1,2,W,L,D,W,D,D,25,31,8,6
6099,18,18,30,MNC,BRN,2,0,2,1,0,0,1,2,5,1,W,L,W,D,D,L,38,16,1,14
6099,18,18,30,WHU,FUL,3,1,3,1,1,0,1,0,1,1,W,L,W,L,W,D,27,19,7,13
6099,18,18,30,LIV,EVE,3,0,2,1,4,3,1,2,3,1,W,L,W,L,W,D,39,24,1,10
6099,18,18,30,CRY,ARS,1,1,1,2,0,1,1,1,0,1,D,D,L,L,L,L,17,21,15,12
6099,19,18,32,LEI,ASV,2,2,1,4,3,0,1,1,0,2,D,D,D,W,W,L,33,34,4,3
6099,19,18,32,BOU,LEE,0,0,0,1,2,0,1,0,2,0,D,D,D,D,L,L,11,17,16,14
6099,19,18,32,CHE,MNC,1,2,1,2,3,2,0,0,2,1,L,W,L,W,W,W,31,41,5,1
6099,19,18,32,TOT,WOL,4,2,0,0,1,0,2,1,3,0,W,L,L,D,L,L,28,16,6,16
6099,19,18,32,FOR,MNU,2,3,2,2,1,1,0,3,3,1,L,W,L,W,W,D,23,28,10,6
6099,19,18,32,FUL,CRY,0,0,1,1,1,1,0,0,0,1,D,D,L,D,L,L,20,18,12,13
6099,19,18,32,ARS,BRI,0,1,1,1,2,2,1,2,1,2,L,W,D,W,L,W,21,37,12,3
6099,19,18,32,EVE,WHU,1,3,0,3,1,3,3,1,2,1,L,W,L,W,L,W,24,30,10,7
6099,19,18,32,NWC,SOU,1,0,0,2,3,3,2,1,0,1,W,L,L,W,W,W,29,18,8,14
6099,19,18,32,BRN,LIV,0,0,0,3,1,2,0,4,2,1,D,D,L,W,D,W,17,40,15,2
6099,20,18,34,NWC,WOL,2,2,1,2,0,0,3,0,2,1,D,D,W,L,L,D,30,17,7,14
6099,20,18,34,LEI,MNU,1,2,2,3,1,2,3,1,1,3,L,W,D,W,D,W,33,31,5,6
6099,20,18,34,BOU,ASV,0,1,0,2,0,4,2,0,1,1,L,W,D,D,D,W,11,37,14,3
6099,20,18,34,FUL,ARS,2,1,0,0,1,1,1,2,0,1,W,L,D,L,L,D,23,21,9,10
6099,20,18,34,BRN,WHU,1,1,0,3,0,3,1,3,0,1,D,D,D,W,L,W,18,31,11,5
6099,20,18,34,CHE,LIV,2,1,1,0,1,3,3,2,0,4,W,L,L,D,L,W,34,40,4,2
6099,20,18,34,FOR,MNC,1,2,2,2,2,2,1,2,0,0,L,W,L,W,L,W,23,44,10,1
6099,20,18,34,BRI,SOU,0,2,1,0,1,2,2,3,2,1,L,W,W,L,W,W,37,21,3,11
6099,20,18,34,EVE,CRY,4,1,1,0,0,1,1,1,3,0,W,L,L,D,L,D,27,18,9,12
6099,20,18,34,TOT,LEE,1,0,4,0,0,1,1,0,2,0,W,L,W,D,L,D,31,17,6,12
6099,21,18,36,MNU,BOU,3,0,2,0,3,0,2,0,1,2,W,L,W,L,W,D,34,11,4,13
6099,21,18,36,ARS,EVE,1,0,1,4,0,1,1,0,2,1,W,L,L,W,L,L,24,27,9,8
6099,21,18,36,FUL,BRI,0,1,2,0,0,1,1,1,1,2,L,W,W,L,D,W,23,40,10,2
6099,21,18,36,MNC,LEI,2,0,2,1,2,2,2,1,2,3,W,L,W,L,W,D,47,33,1,5
6099,21,18,36,WHU,CHE,3,2,1,2,3,1,3,1,3,3,W,L,D,W,W,L,34,34,4,4
6099,21,18,36,WOL,SOU,0,0,2,2,2,0,0,2,0,3,D,D,D,W,L,L,18,22,12,11
6099,21,18,36,LEE,NWC,1,1,0,2,0,1,1,0,0,3,D,D,L,D,D,W,18,31,11,6
6099,21,18,36,ASV,TOT,2,2,1,1,2,4,4,0,0,1,D,D,W,W,D,W,38,32,3,6
6099,21,18,36,LIV,FOR,5,0,1,1,0,2,3,2,2,1,W,L,L,L,D,L,43,23,2,11
6099,21,18,36,CRY,BRN,1,2,1,1,0,0,1,0,1,1,L,W,L,D,D,D,18,21,14,13
6099,22,18,38,SOU,LEE,1,0,0,1,2,0,0,0,2,1,W,L,D,D,W,L,25,18,10,14
6099,22,18,38,TOT,MNU,2,1,2,3,1,2,4,3,0,2,W,L,D,W,W,W,35,34,5,6
6099,22,18,38,BRI,WOL,1,0,1,0,0,2,1,2,1,0,W,L,W,D,L,D,43,18,2,13
6099,22,18,38,NWC,ASV,3,1,1,2,2,1,1,2,0,4,W,L,D,D,D,W,34,38,5,3
6099,22,18,38,BOU,MNC,0,2,0,2,0,2,0,2,0,2,L,W,L,W,L,W,11,50,13,1
6099,22,18,38,EVE,FUL,1,0,0,0,4,2,1,0,0,1,W,L,L,L,W,W,30,23,7,10
6099,22,18,38,CHE,CRY,1,1,2,1,2,1,1,0,1,1,D,D,L,L,W,L,35,19,4,12
6099,22,18,38,FOR,WHU,1,3,0,3,1,1,2,3,2,3,L,W,L,W,L,D,23,37,11,4
6099,22,18,38,LEI,LIV,1,2,0,5,1,1,2,0,1,3,L,W,L,W,L,L,33,46,8,2
6099,22,18,38,BRN,ARS,1,3,2,1,1,1,0,0,0,1,L,W,W,W,D,L,21,27,13,10
6099,23,18,40,LEE,WOL,3,1,0,0,1,0,0,2,0,2,W,L,L,L,D,D,21,18,13,15
6099,23,18,40,MNC,TOT,0,2,2,2,2,2,2,1,2,4,L,W,W,W,W,D,50,38,1,4
6099,23,18,40,EVE,BRI,3,1,1,1,0,1,4,0,1,1,W,L,W,W,L,W,33,43,8,3
6099,23,18,40,LIV,BOU,1,0,2,0,5,0,1,0,0,0,W,L,W,L,W,L,49,11,2,15
6099,23,18,40,FUL,BRN,0,0,0,1,0,2,2,1,0,0,D,D,L,L,L,W,24,22,11,13
6099,23,18,40,ASV,SOU,1,0,1,1,2,0,1,2,2,0,W,L,L,W,D,D,41,25,4,11
6099,23,18,40,CRY,FOR,1,0,1,1,1,0,1,1,0,2,W,L,D,L,L,L,22,23,14,13
6099,23,18,40,MNU,NWC,2,2,1,3,3,1,2,2,3,1,D,D,L,W,W,D,35,35,7,7
6099,23,18,40,WHU,LEI,1,3,3,1,3,0,1,1,3,2,L,W,W,L,W,L,37,36,6,7
6099,23,18,40,ARS,CHE,1,3,3,1,1,2,1,2,0,1,L,W,W,D,W,L,27,38,10,5
6099,24,18,42,LEI,CRY,1,1,3,1,1,1,0,1,1,1,D,D,W,W,L,D,37,23,6,12
6099,24,18,42,CHE,FUL,2,1,3,0,1,0,2,0,2,2,W,L,W,D,D,L,41,24,4,11
6099,24,18,42,NWC,MNC,1,2,2,0,3,2,1,2,2,2,L,W,D,L,W,W,35,53,7,1
6099,24,18,42,WOL,ASV,1,0,1,1,0,1,0,2,2,1,W,L,L,W,L,L,21,41,14,4
6099,24,18,42,SOU,MNU,4,1,0,2,1,1,0,3,2,2,W,L,L,D,W,L,28,35,9,7
6099,24,18,42,BOU,WHU,1,3,0,1,0,3,0,3,0,1,L,W,L,L,L,W,11,40,16,5
6099,24,18,42,BRI,LEE,1,2,1,3,1,0,1,1,0,0,L,W,L,W,W,L,43,24,3,12
6099,24,18,42,BRN,EVE,1,2,0,3,1,1,2,0,1,4,L,W,D,W,L,W,22,36,14,8
6099,24,18,42,TOT,LIV,0,2,2,1,2,2,2,5,1,1,L,W,W,W,W,W,38,52,6,2
6099,24,18,42,FOR,ARS,1,2,0,1,1,3,0,1,1,1,L,W,L,L,L,W,23,30,13,10
6099,25,18,44,MNC,SOU,3,1,2,4,0,0,2,1,2,0,W,L,W,W,L,L,56,28,1,11
6099,25,18,44,BRN,BRI,1,2,1,1,0,1,1,1,2,1,L,W,L,L,D,L,22,46,14,3
6099,25,18,44,WHU,TOT,1,2,3,0,1,2,3,2,3,2,L,W,W,L,L,W,40,41,5,4
6099,25,18,44,CRY,BOU,1,0,1,1,1,0,1,0,1,0,W,L,D,L,W,L,26,11,11,16
6099,25,18,44,ARS,LEI,2,1,2,1,1,3,3,1,1,0,W,L,W,D,L,W,33,37,9,6
6099,25,18,44,LIV,NWC,3,1,2,1,1,2,2,3,5,1,W,L,W,L,W,D,55,35,2,8
6099,25,18,44,MNU,WOL,0,3,1,1,2,1,1,0,3,0,L,W,L,W,D,L,35,24,8,12
6099,25,18,44,EVE,CHE,2,1,2,2,3,3,1,1,0,2,W,L,W,W,W,W,39,41,6,4
6099,25,18,44,FUL,FOR,0,1,1,1,0,0,0,1,0,0,L,W,L,L,D,L,24,26,12,11
6099,25,18,44,ASV,LEE,2,2,0,2,1,3,1,0,2,1,D,D,L,W,W,W,42,25,4,13
6099,26,18,46,NWC,WHU,2,0,1,1,1,3,2,1,3,3,W,L,L,L,L,W,38,40,8,6
6099,26,18,46,FOR,EVE,1,1,1,2,1,2,0,3,1,1,D,D,W,W,L,W,27,40,12,6
6099,26,18,46,WOL,MNC,2,2,3,3,1,2,1,0,0,2,D,D,W,W,W,W,25,57,14,1
6099,26,18,46,BRI,ASV,1,0,2,2,1,0,1,1,1,1,W,L,W,D,L,L,49,42,3,4
6099,26,18,46,SOU,LIV,1,3,1,3,4,2,0,1,1,2,L,W,L,W,W,W,28,58,11,1
6099,26,18,46,BOU,ARS,0,1,0,2,1,2,0,1,0,3,L,W,L,W,L,W,11,36,17,9
6099,26,18,46,LEE,MNU,0,0,2,0,2,1,3,2,0,1,D,D,D,L,W,L,26,36,12,9
6099,26,18,46,CHE,BRN,2,1,1,1,2,1,3,0,1,1,W,L,L,L,W,L,44,22,4,16
6099,26,18,46,LEI,FUL,0,2,1,0,1,1,3,0,1,0,L,W,L,L,D,L,37,27,9,12
6099,26,18,46,TOT,CRY,0,2,2,1,0,1,2,1,2,1,L,W,W,W,L,D,41,29,6,11
6099,27,18,48,MNU,ASV,1,0,0,0,0,2,1,0,2,1,W,L,D,L,L,D,39,42,8,5
6099,27,18,48,WHU,SOU,5,0,0,1,1,1,3,4,1,0,W,L,L,L,L,L,43,28,5,14
6099,27,18,48,CRY,NWC,2,1,2,2,1,1,1,1,1,2,W,L,W,W,W,L,32,38,13,10
6099,27,18,48,EVE,LEI,3,0,1,0,2,1,2,1,3,3,W,L,D,L,W,L,43,37,5,10
6099,27,18,48,CHE,BRI,0,3,2,1,1,2,2,1,3,1,L,W,W,W,L,W,44,52,4,3
6099,27,18,48,BRN,FOR,0,1,1,1,1,1,1,1,0,0,L,W,L,D,L,W,22,30,18,13
6099,27,18,48,LIV,WOL,4,0,3,2,3,3,2,1,1,1,W,L,W,D,W,W,61,25,1,17
6099,27,18,48,FUL,BOU,0,0,2,0,0,0,1,1,0,0,D,D,W,L,L,L,28,12,14,18
6099,27,18,48,MNC,LEE,3,0,2,0,3,2,2,2,0,3,W,L,D,D,W,D,60,26,2,15
6099,27,18,48,ARS,TOT,0,3,1,0,2,2,2,0,1,2,L,W,W,L,W,W,36,44,10,4
6099,28,18,50,SOU,CRY,3,0,0,2,1,2,1,1,4,1,W,L,L,W,L,W,31,32,12,11
6099,28,18,50,BRI,MNU,0,2,3,1,1,0,2,0,1,1,L,W,W,W,W,D,52,42,3,6
6099,28,18,50,BOU,EVE,1,3,0,3,0,1,0,2,1,2,L,W,D,W,L,D,12,46,18,4
6099,28,18,50,NWC,ARS,1,0,1,0,2,1,1,2,1,2,W,L,L,L,W,W,41,36,8,10
6099,28,18,50,WOL,WHU,1,1,0,5,2,0,3,1,1,3,D,D,L,W,D,L,26,44,14,5
6099,28,18,50,LEE,LIV,0,3,0,4,0,3,2,3,2,2,L,W,L,W,D,W,26,64,14,1
6099,28,18,50,FOR,CHE,2,1,1,0,1,2,1,1,1,2,W,L,W,L,D,W,33,44,10,5
6099,28,18,50,ASV,MNC,2,2,0,3,0,2,2,3,0,2,D,D,L,W,L,D,43,61,6,2
6099,28,18,50,TOT,FUL,2,1,3,0,0,2,2,0,0,1,W,L,W,D,L,W,47,28,4,15
6099,28,18,50,LEI,BRN,2,0,0,0,0,1,1,1,1,1,W,L,L,L,L,L,40,22,10,17
6099,29,18,52,CRY,WOL,0,3,0,1,2,0,2,2,1,3,L,W,L,D,W,L,32,29,13,15
6099,29,18,52,BRN,BOU,3,1,0,1,0,0,1,0,1,0,W,L,L,L,L,D,25,12,18,19
6099,29,18,52,LIV,ASV,4,0,3,2,4,0,3,0,3,2,W,L,W,D,W,L,67,43,1,7
6099,29,18,52,CHE,LEI,2,1,1,2,0,0,2,0,1,1,W,L,L,W,L,L,47,40,4,10
6099,29,18,52,WHU,LEE,0,0,1,0,5,0,0,0,1,2,D,D,D,L,W,L,45,27,6,17
6099,29,18,52,MNC,MNU,2,1,2,2,3,1,2,0,3,0,W,L,D,W,W,W,64,42,2,8
6099,29,18,52,ARS,SOU,2,0,0,3,0,0,1,1,2,1,W,L,L,W,L,L,39,31,11,14
6099,29,18,52,EVE,TOT,2,0,3,2,3,3,1,0,2,2,W,L,W,W,W,W,49,47,4,5
6099,29,18,52,FUL,NWC,2,2,1,1,0,1,2,2,0,1,D,D,L,W,D,L,29,42,14,8
6099,29,18,52,FOR,BRI,0,0,2,0,1,3,1,1,1,2,D,D,W,L,W,W,34,53,11,3
6099,30,18,54,BRI,MNC,3,3,0,2,0,2,3,3,1,2,D,D,D,W,L,D,54,65,3,2
6099,30,18,54,WOL,ARS,1,3,3,2,1,0,0,0,2,1,L,W,W,W,D,L,29,42,13,8
6099,30,18,54,SOU,FUL,1,1,0,2,3,1,0,0,1,2,D,D,L,D,W,L,32,30,11,12
6099,30,18,54,TOT,BRN,2,2,0,3,2,0,3,0,0,1,D,D,L,W,W,L,48,26,5,16
6099,30,18,54,ASV,WHU,0,0,0,0,2,1,0,5,0,0,D,D,L,D,D,D,44,46,8,7
6099,30,18,54,LEE,CRY,2,2,0,0,0,0,0,2,0,2,D,D,D,L,L,L,28,33,16,12
6099,30,18,54,BOU,CHE,1,2,1,2,1,1,0,0,0,2,L,W,L,W,L,L,12,50,18,4
6099,30,18,54,MNU,LIV,2,2,1,4,2,3,1,4,0,3,D,D,L,W,W,W,43,68,9,1
6099,30,18,54,NWC,EVE,2,1,2,2,1,3,1,3,2,1,W,L,D,W,W,W,45,49,8,5
6099,30,18,54,LEI,FOR,3,0,1,0,2,2,0,1,0,1,W,L,L,D,W,W,43,34,10,12
6099,31,18,56,CRY,ASV,1,1,2,0,0,0,0,2,2,0,D,D,D,D,L,L,34,45,11,8
6099,31,18,56,CHE,TOT,1,0,2,2,2,0,1,2,0,3,W,L,W,D,W,L,53,48,4,6
6099,31,18,56,WHU,MNU,1,1,0,2,0,1,1,2,5,1,D,D,D,D,D,L,47,44,7,9
6099,31,18,56,LIV,MNC,2,0,2,3,4,2,3,2,4,3,W,L,D,D,W,W,71,65,1,2
6099,31,18,56,BRN,NWC,0,2,2,2,3,2,0,1,0,1,L,W,D,W,W,D,26,48,17,6
6099,31,18,56,ARS,LEE,2,0,3,2,2,0,0,0,0,0,W,L,W,D,W,D,45,28,8,15
6099,31,18,56,FUL,WOL,1,1,1,1,2,3,1,1,0,0,D,D,D,L,D,W,31,30,13,14
6099,31,18,56,FOR,BOU,2,1,0,1,0,1,2,1,1,0,W,L,L,L,D,L,37,12,11,18
6099,31,18,56,LEI,BRI,1,0,3,3,1,0,2,0,0,3,W,L,W,D,L,D,46,54,8,3
6099,31,18,56,EVE,SOU,1,2,1,1,2,0,3,3,3,0,L,W,L,D,W,L,49,35,5,12
6099,32,18,58,BRI,LIV,1,2,0,2,3,2,0,4,0,3,L,W,L,W,D,D,54,74,3,1
6099,32,18,58,BOU,LEI,1,0,1,1,1,3,1,1,1,2,W,L,L,W,L,W,15,46,18,8
6099,32,18,58,SOU,BRN,1,1,2,0,1,2,0,3,3,0,D,D,W,L,D,D,36,27,12,17
6099,32,18,58,ASV,ARS,2,1,1,2,0,3,0,2,2,0,W,L,D,W,D,W,48,45,6,9
6099,32,18,58,MNC,WHU,0,0,0,1,3,0,2,0,2,1,D,D,L,D,D,D,66,48,2,6
6099,32,18,58,MNU,CRY,3,2,1,1,2,2,1,0,2,0,W,L,D,D,D,D,47,34,7,12
6099,32,18,58,TOT,FOR,3,2,0,2,2,0,0,0,2,2,W,L,L,W,D,L,51,37,5,11
6099,32,18,58,NWC,CHE,2,0,2,1,2,2,2,2,1,1,W,L,W,W,W,W,51,53,5,4
6099,32,18,58,LEE,FUL,5,0,0,1,2,1,0,2,0,1,W,L,L,D,D,D,31,31,14,14
6099,32,18,58,WOL,EVE,1,1,1,1,1,1,3,2,1,3,D,D,D,L,L,L,31,50,14,6
6099,33,19,0,BOU,BRI,2,2,1,1,1,0,1,3,1,0,D,D,W,L,L,L,16,55,16,3
6099,33,19,0,EVE,LEE,0,4,1,5,1,0,1,2,2,0,L,W,D,W,L,L,50,34,6,13
6099,33,19,0,WHU,LIV,0,4,0,2,1,2,0,2,0,4,L,W,D,W,D,W,48,77,7,1
6099,33,19,0,CHE,SOU,4,1,0,1,1,2,2,1,2,0,W,L,L,D,W,W,56,36,3,12
6099,33,19,0,ARS,MNU,1,1,1,3,2,1,3,2,2,1,D,D,L,W,W,D,46,48,8,7
6099,33,19,0,BRN,WOL,1,0,1,1,0,1,2,1,3,3,W,L,D,D,L,D,30,31,13,12
6099,33,19,0,FUL,ASV,5,0,0,2,1,1,1,0,2,0,W,L,L,W,D,D,34,48,11,7
6099,33,19,0,LEI,TOT,2,1,0,3,1,0,3,2,1,0,W,L,L,W,W,L,49,51,7,5
6099,33,19,0,FOR,NWC,0,0,2,2,2,2,0,2,0,2,D,D,L,W,W,W,38,52,11,5
6099,33,19,0,CRY,MNC,0,3,2,0,1,0,2,3,0,2,L,W,L,D,D,L,34,69,13,2
6099,34,19,2,SOU,FOR,0,0,1,0,1,2,2,2,1,0,D,D,L,D,D,L,37,39,12,11
6099,34,19,2,WOL,CHE,0,1,0,4,1,0,1,1,1,2,L,W,L,W,D,L,31,59,14,3
6099,34,19,2,NWC,LEI,1,0,0,2,2,0,2,1,2,3,W,L,D,W,W,L,55,49,4,7
6099,34,19,2,MNC,ARS,1,1,3,1,0,1,0,2,3,3,D,D,W,D,D,L,70,47,2,9
6099,34,19,2,BRI,WHU,1,0,2,0,1,0,0,1,3,0,W,L,D,L,L,D,58,48,4,9
6099,34,19,2,LIV,CRY,3,2,4,0,2,2,2,1,2,2,W,L,W,L,W,L,80,34,1,13
6099,34,19,2,ASV,EVE,3,0,0,0,2,1,1,1,0,1,W,L,L,L,W,D,51,50,6,7
6099,34,19,2,LEE,BRN,2,0,4,1,5,1,0,0,2,2,W,L,W,W,W,D,37,30,12,15
6099,34,19,2,MNU,FUL,3,2,1,5,3,0,1,1,2,1,W,L,D,W,W,L,51,34,6,13
6099,34,19,2,TOT,BOU,1,0,1,2,3,1,0,1,2,1,W,L,L,D,W,W,54,16,6,17
6099,35,19,4,BOU,NWC,0,1,0,1,2,0,1,2,1,2,L,W,L,W,D,D,16,58,16,4
6099,35,19,4,ARS,LIV,2,3,1,3,1,4,1,2,2,2,L,W,D,W,D,W,47,83,10,1
6099,35,19,4,LEI,SOU,0,1,0,0,2,1,0,1,1,2,L,W,L,D,W,L,49,40,8,11
6099,35,19,4,TOT,BRI,2,4,1,1,1,2,3,1,0,0,L,W,W,W,L,D,54,61,6,3
6099,35,19,4,FOR,WOL,0,3,0,0,0,0,2,1,2,1,L,W,D,L,D,L,39,34,13,15
6099,35,19,4,CRY,WHU,0,2,2,0,0,0,2,0,1,1,L,W,L,L,L,L,34,51,14,7
6099,35,19,4,FUL,MNC,1,2,2,1,5,3,0,0,1,0,L,W,L,D,W,W,34,73,14,2
6099,35,19,4,BRN,ASV,4,1,0,3,1,0,1,2,0,1,W,L,L,W,W,L,33,51,15,7
6099,35,19,4,EVE,MNU,3,3,0,3,0,1,1,3,1,1,D,D,L,W,L,D,51,52,8,7
6099,35,19,4,CHE,LEE,0,1,1,2,4,4,0,5,1,0,L,W,W,W,W,W,59,40,4,11
6099,36,19,6,NWC,TOT,2,1,1,2,1,1,0,1,2,3,W,L,W,L,W,W,61,54,3,5
6099,36,19,6,BRI,CRY,1,1,4,0,1,2,2,0,1,2,D,D,W,L,W,L,62,35,3,13
6099,36,19,6,WHU,ARS,0,1,2,2,0,1,0,1,0,1,L,W,W,L,L,D,51,50,8,9
6099,36,19,6,MNC,EVE,2,0,2,3,1,0,3,0,0,1,W,L,W,D,D,L,76,51,2,8
6099,36,19,6,LEE,FOR,0,1,1,0,2,0,4,0,5,2,L,W,W,L,W,D,40,42,12,11
6099,36,19,6,MNU,BRN,2,1,3,4,3,0,1,1,3,1,W,L,D,W,W,L,55,33,6,15
6099,36,19,6,ASV,CHE,0,2,1,0,3,1,0,4,2,0,L,W,L,L,W,W,51,62,7,3
6099,36,19,6,WOL,LEI,1,2,3,0,0,0,0,2,1,0,L,W,W,L,L,L,34,52,13,7
6099,36,19,6,LIV,FUL,3,1,3,1,3,2,4,5,2,0,W,L,W,L,W,L,86,34,1,13
6099,36,19,6,SOU,BOU,0,1,1,0,0,0,1,2,1,1,L,W,W,L,D,L,40,19,11,15
6099,37,19,8,BRN,MNC,2,2,1,2,4,2,0,1,1,3,D,D,L,W,W,W,34,77,13,2
6099,37,19,8,BOU,WOL,0,0,1,1,0,3,0,0,2,0,D,D,W,L,L,W,20,35,14,12
6099,37,19,8,ARS,CRY,2,1,1,1,2,0,1,2,1,0,W,L,W,D,L,L,53,35,7,12
6099,37,19,8,FOR,ASV,4,0,1,0,0,1,0,3,0,0,W,L,W,L,L,L,45,51,10,9
6099,37,19,8,TOT,SOU,1,1,1,0,2,1,1,0,1,1,D,D,L,L,L,W,55,41,5,10
6099,37,19,8,FUL,WHU,0,1,1,0,1,2,2,0,5,0,L,W,L,L,L,W,34,54,14,6
6099,37,19,8,NWC,BRI,1,1,2,1,1,4,1,1,0,2,D,D,W,D,W,W,62,63,4,3
6099,37,19,8,LEI,LEE,0,1,2,0,0,1,0,2,2,4,L,W,W,L,L,W,52,43,8,11
6099,37,19,8,EVE,LIV,0,3,0,3,3,3,0,3,0,4,L,W,L,W,D,W,51,89,9,1
6099,37,19,8,CHE,MNU,2,2,2,2,0,3,1,3,4,1,D,D,W,W,L,D,63,56,3,5
6099,38,19,10,LIV,BRN,3,2,3,2,3,1,3,4,3,0,W,L,W,D,W,L,92,34,1,15
6099,38,19,10,WOL,TOT,1,1,0,1,1,1,3,2,0,1,D,D,D,D,L,L,36,56,13,5
6099,38,19,10,LEE,BOU,5,0,1,0,0,1,1,0,2,0,W,L,W,D,L,W,46,20,10,16
6099,38,19,10,SOU,NWC,2,2,1,1,0,2,1,1,0,1,D,D,D,D,L,W,42,63,11,3
6099,38,19,10,MNU,FOR,3,0,2,4,2,1,3,0,3,0,W,L,D,W,W,W,59,45,4,11
6099,38,19,10,CRY,FUL,2,2,1,0,1,1,0,1,2,2,D,D,L,L,D,L,36,35,13,14
6099,38,19,10,WHU,EVE,0,0,1,0,0,0,2,3,0,0,D,D,W,L,L,L,55,52,6,8
6099,38,19,10,ASV,LEI,1,3,0,0,0,2,1,0,3,0,L,W,L,L,L,W,51,55,9,6
6099,38,19,10,MNC,CHE,1,2,2,2,2,2,2,0,1,1,L,W,D,D,W,W,77,66,2,3
6099,38,19,10,BRI,ARS,2,0,1,2,1,1,4,2,1,1,W,L,D,W,D,W,66,53,3,8
6148,5,8,8,BOU,LEE,1,1,0,0,2,1,0,1,0,0,D,D,L,L,W,L,4,4,5,5
6148,5,8,8,SOU,EVE,1,0,5,1,1,2,0,0,0,3,W,L,W,L,L,D,6,4,5,6
6148,5,8,8,FOR,MNC,1,3,1,2,0,3,1,1,1,2,L,W,L,W,D,W,1,13,9,1
6148,5,8,8,MNU,ARS,1,2,2,1,1,1,0,0,0,0,L,W,D,D,D,L,2,5,9,7
6148,5,8,8,TOT,LIV,0,0,1,0,0,3,3,5,2,2,D,D,D,D,L,W,8,11,5,2
6148,5,8,8,LEI,CHE,0,2,0,4,1,0,0,2,2,1,L,W,D,W,W,D,8,13,5,1
6148,5,8,8,CRY,BRI,1,1,1,2,1,1,1,2,1,1,D,D,L,W,L,L,1,8,11,5
6148,5,8,8,BRN,FUL,0,3,1,1,2,1,0,0,1,3,L,W,D,L,D,D,2,7,10,6
6148,5,8,8,ASV,WOL,1,1,3,1,3,1,1,1,1,1,D,D,W,D,W,W,9,8,4,5
6148,5,8,8,NWC,WHU,0,1,2,2,0,2,3,4,3,3,L,W,W,D,L,W,9,13,3,1
6148,6,8,10,BRI,LEI,1,2,1,0,2,0,1,1,2,0,L,W,D,L,W,D,8,11,4,2
6148,6,8,10,MNU,NWC,2,1,1,0,2,2,1,0,0,3,W,L,L,L,D,W,5,9,7,3
6148,6,8,10,WHU,BRN,2,1,1,0,2,1,2,2,4,0,W,L,W,L,D,D,16,2,1,10
6148,6,8,10,CHE,TOT,4,1,2,0,4,1,0,0,2,3,W,L,W,D,W,D,16,8,1,5
6148,6,8,10,ARS,LIV,1,2,2,0,1,0,1,3,0,5,L,W,W,D,D,D,5,14,9,2
6148,6,8,10,MNC,CRY,1,0,3,1,2,1,3,1,1,1,W,L,W,D,W,L,16,1,1,11
6148,6,8,10,LEE,FOR,2,0,1,1,0,1,1,0,1,1,W,L,D,L,L,L,7,1,6,11
6148,6,8,10,WOL,SOU,3,2,1,1,1,5,1,1,1,0,W,L,D,W,D,W,11,6,3,7
6148,6,8,10,EVE,BOU,0,1,0,1,1,0,2,2,0,0,L,W,L,D,L,L,4,7,9,6
6148,6,8,10,FUL,ASV,2,1,3,1,1,3,1,3,0,1,W,L,W,D,L,W,10,9,4,5
6148,7,8,12,TOT,BRI,3,3,1,1,0,1,1,2,0,1,D,D,L,L,D,D,9,9,5,5
6148,7,8,12,SOU,FUL,3,3,2,2,1,3,5,1,1,1,D,D,L,W,W,W,7,11,5,3
6148,7,8,12,BRN,MNU,0,1,1,2,0,1,1,2,2,1,L,W,L,W,L,L,2,8,9,5
6148,7,8,12,NWC,ARS,0,3,1,1,0,2,2,1,0,1,L,W,L,L,L,W,9,8,4,5
6148,7,8,12,LIV,CHE,2,0,2,4,0,2,0,4,3,0,W,L,W,W,D,W,17,16,1,2
6148,7,8,12,CRY,LEE,2,0,0,2,1,1,1,0,1,1,W,L,L,W,D,D,4,7,7,6
6148,7,8,12,FOR,EVE,2,3,0,0,1,0,1,1,0,2,L,W,L,L,L,L,1,7,9,6
6148,7,8,12,BOU,WOL,0,3,1,3,1,1,0,1,2,1,L,W,W,W,D,D,7,14,7,3
6148,7,8,12,ASV,WHU,5,0,1,2,1,1,3,2,3,2,W,L,L,W,D,W,12,16,4,2
6148,7,8,12,LEI,MNC,0,1,2,1,0,3,0,2,1,3,L,W,W,W,L,W,11,19,6,1
6148,8,8,14,ARS,CHE,0,0,3,0,1,4,2,2,1,4,D,D,W,L,L,W,9,17,7,2
6148,8,8,14,MNC,TOT,3,2,1,3,1,1,3,0,2,1,W,L,W,D,W,L,22,9,1,7
6148,8,8,14,WOL,FOR,1,1,3,2,3,0,1,1,1,1,D,D,W,L,W,L,15,2,4,11
6148,8,8,14,MNU,ASV,2,2,1,5,2,1,1,1,2,3,D,D,W,W,W,L,9,13,7,5
6148,8,8,14,BRI,LIV,0,1,3,2,1,2,1,0,2,0,L,W,D,W,L,W,9,20,8,2
6148,8,8,14,WHU,SOU,1,0,0,3,2,2,1,1,2,5,W,L,L,D,W,L,19,7,3,9
6148,8,8,14,NWC,BRN,0,0,0,0,1,1,0,0,2,1,D,D,L,L,L,L,10,3,8,12
6148,8,8,14,LEE,LEI,0,0,0,0,2,2,1,0,0,0,D,D,L,L,W,W,8,12,11,7
6148,8,8,14,FUL,BOU,0,0,3,0,2,1,3,1,1,0,D,D,D,L,W,W,12,8,7,10
6148,8,8,14,EVE,CRY,2,0,3,2,0,0,0,1,1,1,W,L,W,W,L,L,10,4,8,12
6148,9,8,16,TOT,LEE,2,0,2,0,3,0,1,2,0,1,W,L,L,D,D,L,12,8,7,10
6148,9,8,16,LEI,EVE,2,4,0,2,0,3,2,0,0,0,L,W,D,W,L,W,12,13,7,6
6148,9,8,16,BRN,ARS,2,0,0,0,0,3,1,1,0,2,W,L,D,D,L,W,6,9,12,9
6148,9,8,16,SOU,MNU,0,2,0,2,3,1,2,2,1,1,L,W,L,D,D,W,7,12,11,7
6148,9,8,16,CHE,BRI,4,0,0,0,0,3,4,1,2,1,W,L,D,L,L,D,20,9,2,8
6148,9,8,16,LIV,MNC,1,2,1,3,2,1,2,1,0,3,L,W,W,W,W,W,20,25,2,1
6148,9,8,16,FOR,FUL,4,2,1,0,2,3,0,2,1,3,W,L,D,D,L,D,5,12,12,6
6148,9,8,16,ASV,NWC,2,1,2,0,5,0,1,1,1,0,W,L,D,D,W,L,16,10,4,8
6148,9,8,16,CRY,WOL,2,3,0,1,2,3,0,3,1,1,L,W,L,D,W,W,4,18,14,4
6148,9,8,16,BOU,WHU,0,0,0,1,0,0,1,2,1,1,D,D,D,W,L,L,9,20,8,2
6148,10,8,18,ARS,BRI,1,1,0,0,0,0,3,3,1,1,D,D,L,L,D,L,10,10,7,7
6148,10,8,18,WOL,LEI,0,1,3,2,1,0,3,0,3,2,L,W,W,L,D,D,18,15,3,5
6148,10,8,18,MNC,CHE,1,0,2,4,3,0,1,0,1,4,W,L,W,W,W,D,28,20,1,2
6148,10,8,18,BRN,ASV,0,3,2,2,0,2,0,5,1,1,L,W,W,W,D,D,6,19,12,3
6148,10,8,18,LEE,LIV,1,4,0,1,0,1,0,2,2,2,L,W,L,L,D,W,8,23,11,2
6148,10,8,18,FUL,CRY,3,0,2,2,0,0,3,2,2,0,W,L,L,L,D,L,15,4,6,15
6148,10,8,18,WHU,FOR,1,1,0,4,1,1,0,2,2,0,D,D,D,W,W,D,21,6,3,14
6148,10,8,18,MNU,BOU,1,1,2,0,2,0,1,0,2,1,D,D,W,D,D,D,13,10,8,10
6148,10,8,18,NWC,SOU,0,0,1,0,0,0,0,3,1,2,D,D,L,L,D,L,11,8,10,12
6148,10,8,18,EVE,TOT,0,2,4,2,2,2,3,3,0,1,L,W,W,W,W,L,13,15,8,7
6148,11,8,20,FOR,MNU,1,0,1,1,4,2,1,2,2,1,W,L,D,D,W,W,9,13,11,8
6148,11,8,20,TOT,WOL,4,0,2,0,2,3,2,1,3,3,W,L,W,L,W,W,18,18,6,6
6148,11,8,20,LIV,EVE,2,0,4,0,1,4,1,2,2,3,W,L,W,L,L,W,26,13,2,8
6148,11,8,20,BOU,NWC,1,1,1,0,0,1,0,0,0,0,D,D,D,D,D,L,11,12,10,9
6148,11,8,20,CHE,LEE,2,1,0,1,4,0,0,0,0,0,W,L,L,L,W,L,23,8,3,13
6148,11,8,20,SOU,BRN,2,0,0,0,0,2,0,0,3,0,W,L,D,L,L,W,11,6,10,14
6148,11,8,20,LEI,FUL,0,0,1,3,2,2,0,0,0,3,D,D,W,W,L,L,16,16,7,7
6148,11,8,20,ASV,ARS,2,1,3,1,2,0,2,0,5,3,W,L,W,D,W,L,22,10,4,11
6148,11,8,20,CRY,WHU,0,3,0,1,2,0,0,1,2,0,L,W,L,D,L,D,4,24,15,3
6148,11,8,20,BRI,MNC,1,1,1,1,0,2,0,3,3,1,D,D,D,W,L,W,11,29,10,1
6148,12,8,22,ARS,MNC,3,1,1,1,1,1,0,2,0,3,W,L,L,D,D,W,13,29,8,1
6148,12,8,22,BRN,BOU,0,0,0,1,0,1,2,0,0,0,D,D,L,D,L,D,7,12,13,9
6148,12,8,22,NWC,FOR,2,0,1,1,0,1,1,4,0,1,W,L,D,W,D,D,15,9,8,12
6148,12,8,22,MNU,CRY,2,0,0,0,1,0,2,2,2,0,W,L,L,L,D,L,16,4,7,15
6148,12,8,22,EVE,CHE,1,2,0,2,0,0,4,4,2,0,L,W,L,W,L,L,13,26,8,2
6148,12,8,22,ASV,SOU,3,1,2,2,3,0,2,0,2,0,W,L,W,W,W,D,25,11,3,10
6148,12,8,22,WHU,LEI,3,1,3,0,1,1,0,2,1,0,W,L,W,D,D,W,27,16,2,6
6148,12,8,22,LEE,BRI,1,2,1,1,1,1,0,0,0,0,L,W,L,D,L,D,8,14,13,8
6148,12,8,22,WOL,LIV,1,3,0,2,0,4,3,1,1,1,L,W,L,W,L,W,18,29,5,1
6148,12,8,22,FUL,TOT,2,2,0,4,3,2,2,2,0,2,D,D,D,W,W,W,17,19,7,5
6148,13,8,24,LIV,FUL,4,1,3,2,2,0,4,3,1,2,W,L,W,D,W,D,32,17,1,8
6148,13,8,24,SOU,ARS,1,4,1,3,2,1,0,1,0,0,L,W,L,W,W,L,11,16,14,9
6148,13,8,24,MNC,LEE,3,0,1,1,1,1,1,1,2,0,W,L,L,L,D,L,32,8,1,15
6148,13,8,24,CHE,WOL,0,1,2,1,2,0,0,0,4,3,L,W,W,L,W,L,26,21,3,5
6148,13,8,24,CRY,NWC,1,1,0,2,0,1,0,0,2,1,D,D,L,W,L,D,5,16,16,8
6148,13,8,24,TOT,WHU,1,1,2,3,4,3,2,1,2,0,D,D,D,W,W,W,20,28,6,2
6148,13,8,24,BRI,EVE,0,1,2,1,1,0,1,0,0,4,L,W,W,L,D,L,14,16,9,8
6148,13,8,24,LEI,MNU,1,0,1,2,0,0,1,1,2,2,W,L,L,W,D,L,19,16,7,9
6148,13,8,24,BOU,ASV,1,2,0,3,1,2,1,3,0,2,L,W,D,W,D,W,12,28,10,2
6148,13,8,24,FOR,BRN,2,0,0,0,1,0,1,0,4,2,W,L,L,D,W,L,12,7,10,13
6148,14,8,26,WHU,LIV,0,1,1,4,3,3,3,2,1,4,L,W,D,W,W,W,28,35,3,1
6148,14,8,26,WOL,BRI,1,3,1,0,1,2,0,1,0,1,L,W,W,L,L,W,21,17,5,8
6148,14,8,26,EVE,MNC,0,4,1,3,1,1,0,1,0,1,L,W,W,W,L,L,16,35,8,1
6148,14,8,26,SOU,BOU,2,1,1,1,1,0,2,1,0,1,W,L,L,L,L,D,14,12,9,10
6148,14,8,26,NWC,LEI,0,1,1,1,2,1,1,0,0,1,L,W,D,W,W,L,16,22,8,4
6148,14,8,26,ASV,FOR,0,0,2,2,3,0,2,1,3,1,D,D,W,W,W,L,29,13,2,11
6148,14,8,26,MNU,TOT,2,3,0,1,2,2,0,4,1,2,L,W,L,D,W,D,16,23,9,5
6148,14,8,26,BRN,CRY,1,1,0,1,0,0,0,0,0,0,D,D,L,D,D,L,8,6,13,14
6148,14,8,26,ARS,LEE,1,2,4,0,3,1,1,1,1,1,L,W,W,L,W,L,16,11,9,13
6148,14,8,26,FUL,CHE,1,1,1,0,2,2,0,2,3,0,D,D,L,L,D,W,18,27,8,4
6148,15,8,28,LIV,MNU,4,2,1,2,4,0,3,2,2,0,W,L,W,L,W,L,38,16,1,11
6148,15,8,28,CRY,ASV,2,4,1,0,1,2,0,3,0,2,L,W,D,D,D,W,6,32,17,3
6148,15,8,28,TOT,NWC,3,0,3,0,1,1,2,2,4,1,W,L,W,L,D,D,26,16,6,11
6148,15,8,28,FOR,SOU,0,1,0,2,2,1,0,1,1,2,L,W,D,W,W,L,13,17,12,10
6148,15,8,28,CHE,WHU,3,0,1,0,0,1,2,3,2,3,W,L,D,L,L,D,30,28,4,5
6148,15,8,28,LEE,EVE,1,1,2,0,0,1,1,1,1,0,D,D,W,L,L,W,12,17,13,10
6148,15,8,28,MNC,WOL,2,0,4,1,3,1,1,1,1,0,W,L,W,L,W,W,38,21,1,7
6148,15,8,28,LEI,BRN,0,0,1,1,1,0,1,0,0,0,D,D,W,D,W,L,23,9,6,13
6148,15,8,28,BRI,FUL,2,1,3,1,0,1,2,2,1,0,W,L,W,D,L,L,20,18,8,9
6148,15,8,28,BOU,ARS,2,2,1,1,1,4,0,3,1,1,D,D,L,L,L,W,13,17,12,10
6148,16,8,30,SOU,CRY,0,1,1,2,2,1,1,1,1,0,L,W,W,L,W,D,17,9,10,14
6148,16,8,30,WHU,BRI,2,0,0,2,0,3,1,0,3,2,W,L,L,W,L,W,31,20,3,8
6148,16,8,30,MNU,CHE,0,0,2,3,2,1,0,0,2,2,D,D,L,W,L,D,17,31,9,3
6148,16,8,30,ARS,EVE,1,2,2,1,1,0,4,1,3,1,L,W,D,D,L,L,17,20,9,7
6148,16,8,30,ASV,LEI,2,2,4,0,0,1,2,1,3,1,D,D,W,D,D,W,33,24,2,5
6148,16,8,30,NWC,LIV,3,1,0,4,0,1,1,4,2,3,W,L,L,W,L,W,19,38,8,1
6148,16,8,30,BRN,TOT,2,0,0,3,1,3,0,1,0,2,W,L,D,W,D,W,12,26,12,4
6148,16,8,30,WOL,LEE,1,0,0,1,1,2,1,0,1,1,W,L,L,D,L,W,24,12,5,11
6148,16,8,30,FUL,MNC,1,4,1,2,1,4,1,3,2,1,L,W,L,W,D,W,18,41,9,1
6148,16,8,30,BOU,FOR,1,1,2,0,1,0,1,2,0,0,D,D,D,L,L,D,14,14,11,11
6148,17,8,32,LEI,SOU,5,1,2,0,0,1,1,2,1,1,W,L,D,L,D,W,27,17,5,11
6148,17,8,32,TOT,ASV,2,2,0,2,3,4,3,0,1,2,D,D,L,D,W,W,27,34,5,3
6148,17,8,32,CRY,BOU,0,1,1,1,2,2,1,1,1,1,L,W,W,D,L,D,9,17,13,10
6148,17,8,32,LEE,FUL,2,2,0,1,1,1,2,1,0,1,D,D,L,L,D,L,13,19,11,8
6148,17,8,32,MNC,WHU,2,0,4,2,2,0,4,0,3,1,W,L,W,W,W,L,44,31,1,4
6148,17,8,32,CHE,NWC,0,0,0,3,3,0,1,0,0,1,D,D,D,W,W,L,32,20,4,8
6148,17,8,32,FOR,ARS,0,1,1,1,0,2,0,1,2,4,L,W,D,L,L,D,14,20,11,8
6148,17,8,32,BRI,MNU,3,3,0,0,2,2,3,2,0,0,D,D,L,D,W,L,21,18,8,11
6148,17,8,32,LIV,BRN,2,1,1,2,4,0,1,1,4,0,W,L,L,W,W,D,41,12,2,15
6148,17,8,32,EVE,WOL,2,4,2,1,1,0,0,1,1,1,L,W,W,W,D,L,20,27,8,6
6148,18,8,34,ARS,WOL,2,1,1,4,1,1,2,0,1,1,W,L,W,W,L,W,23,27,7,6
6148,18,8,34,SOU,TOT,0,1,1,2,0,0,1,3,2,3,L,W,L,D,L,L,17,30,13,6
6148,18,8,34,FUL,EVE,1,2,2,2,1,2,1,1,1,0,L,W,D,L,L,W,19,23,11,8
6148,18,8,34,BOU,LEI,2,2,1,5,1,2,2,0,1,1,D,D,W,W,D,D,18,28,13,7
6148,18,8,34,ASV,LIV,0,0,2,2,2,1,4,4,0,1,D,D,D,W,D,L,35,42,3,2
6148,18,8,34,MNU,MNC,1,2,3,2,0,4,2,2,2,4,L,W,D,W,D,W,18,47,13,1
6148,18,8,34,WHU,LEE,4,1,0,2,2,0,0,1,0,2,W,L,L,D,W,L,34,13,4,16
6148,18,8,34,NWC,BRI,1,0,0,3,3,0,0,2,0,3,W,L,D,D,W,L,23,21,9,10
6148,18,8,34,BRN,CHE,3,0,1,0,2,0,0,3,1,1,W,L,L,D,W,D,15,32,14,5
6148,18,8,34,FOR,CRY,0,0,0,0,1,1,0,2,0,1,D,D,L,L,D,W,15,10,14,16
6148,19,8,36,MNC,NWC,0,1,2,1,2,0,4,3,2,0,L,W,W,W,W,D,47,26,1,9
6148,19,8,36,CHE,ASV,1,0,0,0,0,2,0,2,3,4,W,L,L,D,D,D,35,35,3,3
6148,19,8,36,LEE,MNU,0,0,1,1,2,3,0,0,1,2,D,D,L,L,D,D,14,19,15,11
6148,19,8,36,LEI,FOR,4,1,2,0,5,0,2,1,0,0,W,L,D,D,W,L,31,15,5,14
6148,19,8,36,LIV,SOU,2,4,0,0,2,1,1,0,4,1,L,W,D,L,W,L,42,20,2,11
6148,19,8,36,EVE,WHU,2,1,2,4,2,0,2,2,1,0,W,L,W,W,L,L,26,34,8,4
6148,19,8,36,TOT,BOU,2,0,1,2,2,1,0,1,3,2,W,L,W,D,D,W,33,18,5,13
6148,19,8,36,CRY,ARS,0,0,0,2,0,1,1,1,2,2,D,D,D,W,L,W,11,24,16,9
6148,19,8,36,BRI,BRN,1,0,0,3,3,1,0,2,2,0,W,L,L,W,D,L,24,15,9,13
6148,19,8,36,WOL,FUL,1,1,1,1,4,2,1,1,0,1,D,D,L,L,W,D,28,20,7,10
6148,20,8,38,TOT,FOR,4,2,2,1,1,0,2,0,0,1,W,L,W,L,W,D,36,15,3,13
6148,20,8,38,ARS,FUL,3,0,0,1,2,1,1,2,1,1,W,L,D,D,W,L,27,20,8,11
6148,20,8,38,LEI,CRY,0,0,4,0,2,0,5,0,2,1,D,D,W,D,D,D,32,12,6,16
6148,20,8,38,WOL,WHU,0,0,1,1,1,4,4,0,1,2,D,D,D,L,L,W,29,35,6,4
6148,20,8,38,BRI,ASV,2,0,1,0,0,0,3,2,0,2,W,L,W,L,L,D,27,35,7,4
6148,20,8,38,CHE,SOU,3,0,1,4,0,0,0,1,0,0,W,L,W,W,L,L,38,20,3,10
6148,20,8,38,LEE,NWC,2,2,0,1,1,1,2,0,0,3,D,D,D,W,L,W,15,27,13,8
6148,20,8,38,LIV,BOU,3,0,2,0,0,2,2,1,1,1,W,L,L,L,D,D,45,18,2,12
6148,20,8,38,EVE,MNU,1,2,2,0,2,1,2,3,2,0,L,W,W,D,W,L,26,22,9,10
6148,20,8,38,MNC,BRN,2,0,0,0,2,3,2,1,4,2,W,L,L,L,W,W,50,15,1,13
6148,21,8,40,NWC,EVE,2,0,2,1,1,2,1,2,0,2,W,L,D,L,W,W,30,26,7,10
6148,21,8,40,LEI,ARS,1,1,0,3,4,0,2,2,5,1,D,D,D,W,W,D,33,28,6,9
6148,21,8,40,WHU,FUL,1,0,0,0,1,1,4,1,0,2,W,L,D,L,L,D,38,20,3,13
6148,21,8,40,SOU,BRI,1,1,0,2,4,1,0,0,1,3,D,D,L,W,W,W,21,28,12,9
6148,21,8,40,ASV,MNC,1,1,0,2,0,0,0,2,2,2,D,D,L,W,L,L,36,51,4,1
6148,21,8,40,MNU,WOL,1,0,2,0,0,1,1,1,3,4,W,L,W,D,D,D,25,29,10,7
6148,21,8,40,BOU,CHE,0,4,0,3,0,1,2,0,1,0,L,W,L,W,L,W,18,41,14,3
6148,21,8,40,CRY,TOT,1,1,0,4,0,2,0,1,0,2,D,D,D,W,D,W,13,37,17,5
6148,21,8,40,BRN,LEE,0,0,0,2,0,0,3,1,1,2,D,D,L,D,L,D,16,16,16,16
6148,21,8,40,FOR,LIV,1,2,2,3,1,2,0,0,0,2,L,W,L,W,L,L,15,48,17,2
6148,22,8,42,BRI,BOU,2,1,1,0,2,0,1,0,0,2,W,L,D,L,W,L,31,18,8,16
6148,22,8,42,TOT,LEI,2,1,1,1,4,0,2,4,1,2,W,L,D,D,W,D,40,33,4,7
6148,22,8,42,EVE,BRN,0,0,0,0,1,0,2,0,2,3,D,D,L,D,L,L,27,17,12,17
6148,22,8,42,LEE,ASV,1,2,0,1,2,0,0,0,1,0,L,W,D,D,D,L,16,39,18,5
6148,22,8,42,WOL,NWC,2,2,0,2,0,2,1,1,1,1,D,D,L,W,D,D,30,31,9,8
6148,22,8,42,CHE,FOR,3,2,4,1,3,2,1,1,0,0,W,L,W,L,W,L,44,15,3,18
6148,22,8,42,ARS,WHU,1,2,1,1,3,0,0,1,2,4,L,W,D,W,W,D,28,41,10,4
6148,22,8,42,LIV,CRY,2,1,2,1,3,0,2,0,0,0,W,L,W,D,W,D,51,13,1,18
6148,22,8,42,FUL,MNU,0,0,0,1,0,2,1,0,1,1,D,D,L,W,L,W,21,26,12,11
6148,22,8,42,MNC,SOU,1,0,1,1,2,0,0,4,2,0,W,L,D,D,W,L,54,21,1,13
6148,23,8,44,SOU,LEE,1,0,0,1,1,0,0,2,4,0,W,L,L,L,D,D,24,16,13,17
6148,23,8,44,NWC,FUL,2,1,2,0,2,0,2,0,1,1,W,L,D,D,W,L,34,21,7,15
6148,23,8,44,FOR,BRI,1,3,2,2,1,1,2,2,1,1,L,W,L,W,L,D,15,34,18,7
6148,23,8,44,TOT,ARS,1,2,2,1,1,1,4,3,2,0,L,W,W,L,D,D,40,31,5,9
6148,23,8,44,ASV,EVE,4,1,2,0,1,0,0,1,0,2,W,L,W,D,D,L,42,27,4,11
6148,23,8,44,CRY,CHE,1,3,1,3,1,4,0,3,0,1,L,W,L,W,D,W,13,47,19,3
6148,23,8,44,BOU,MNC,0,3,1,1,0,1,0,2,0,0,L,W,L,W,L,D,18,57,15,1
6148,23,8,44,MNU,WHU,2,2,0,2,1,1,2,0,0,1,D,D,D,W,W,W,27,42,10,4
6148,23,8,44,BRN,WOL,3,2,0,2,0,0,0,0,0,1,W,L,D,D,D,L,20,30,13,9
6148,23,8,44,LEI,LIV,2,3,1,2,1,2,0,3,4,2,L,W,L,W,D,W,33,54,7,2
6148,24,8,46,CHE,LEI,4,2,3,2,3,1,4,1,3,0,W,L,W,L,W,L,50,33,3,7
6148,24,8,46,LEE,BOU,2,0,0,0,1,1,0,0,2,0,W,L,L,L,L,L,19,18,14,15
6148,24,8,46,MNC,FOR,2,0,3,1,1,2,1,1,2,2,W,L,W,L,W,L,60,15,1,16
6148,24,8,46,EVE,SOU,2,1,1,1,0,0,0,1,1,0,W,L,L,W,D,L,30,24,9,11
6148,24,8,46,BRI,CRY,2,2,3,1,2,1,1,1,2,0,D,D,W,L,W,L,35,14,6,18
6148,24,8,46,WHU,NWC,0,2,2,2,2,2,1,2,0,2,L,W,D,W,W,D,42,37,4,6
6148,24,8,46,LIV,TOT,1,4,3,1,2,2,2,1,3,4,L,W,W,L,W,W,54,43,2,4
6148,24,8,46,ARS,MNU,1,4,2,2,1,0,1,1,3,2,L,W,W,D,L,D,31,30,9,10
6148,24,8,46,WOL,ASV,1,0,2,4,2,2,0,1,0,0,W,L,L,W,D,W,33,42,8,5
6148,24,8,46,FUL,BRN,4,1,1,3,0,0,0,0,0,0,W,L,L,W,D,D,24,20,11,12
6148,25,8,48,CRY,MNC,1,0,2,2,1,3,1,1,1,1,W,L,D,W,L,W,17,60,15,1
6148,25,8,48,ASV,FUL,3,3,0,4,4,1,2,0,1,0,D,D,L,W,W,L,43,25,4,11
6148,25,8,48,BRN,WHU,2,3,1,0,3,2,0,2,0,1,L,W,L,L,W,D,20,45,13,4
6148,25,8,48,SOU,WOL,1,1,1,1,1,2,0,2,1,0,D,D,L,W,W,L,25,34,12,8
6148,25,8,48,FOR,LEE,1,1,0,2,1,0,2,1,1,0,D,D,L,W,L,L,16,20,16,13
6148,25,8,48,LIV,ARS,2,0,1,1,3,2,2,1,2,1,W,L,L,L,W,W,57,31,2,10
6148,25,8,48,NWC,MNU,1,1,2,4,2,2,2,0,2,1,D,D,W,W,W,D,38,31,6,10
6148,25,8,48,LEI,BRI,2,0,2,2,2,3,1,2,1,1,W,L,L,D,L,W,36,35,7,8
6148,25,8,48,BOU,EVE,0,0,0,2,0,1,1,0,0,0,D,D,L,W,L,L,19,31,13,10
6148,25,8,48,TOT,CHE,0,5,4,4,1,3,2,3,1,4,L,W,W,W,L,W,43,53,5,3
6148,26,8,50,MNU,BRN,2,0,1,2,4,1,2,3,0,0,W,L,D,L,W,L,34,20,9,12
6148,26,8,50,EVE,FOR,0,0,0,1,2,0,1,1,0,2,D,D,D,D,W,L,32,17,10,15
6148,26,8,50,FUL,SOU,0,0,3,1,4,1,1,1,0,0,D,D,D,D,W,L,26,26,12,12
6148,26,8,50,CHE,LIV,3,3,5,2,4,1,3,3,3,2,D,D,W,W,W,L,54,58,3,2
6148,26,8,50,ARS,NWC,2,1,0,1,1,2,2,2,1,2,W,L,L,D,L,W,34,38,9,6
6148,26,8,50,WOL,BOU,6,0,1,0,1,0,2,0,2,1,W,L,D,D,W,L,37,19,7,14
6148,26,8,50,WHU,ASV,0,2,3,3,0,0,2,4,2,2,L,W,W,D,L,L,45,46,5,4
6148,26,8,50,BRI,TOT,3,1,0,0,2,4,3,1,2,2,W,L,L,L,D,W,38,43,7,6
6148,26,8,50,MNC,LEI,4,0,0,2,2,2,3,2,1,1,W,L,L,W,W,L,63,36,1,9
6148,26,8,50,LEE,CRY,1,0,1,1,2,2,0,1,1,1,W,L,D,W,W,D,23,17,13,16
6148,27,8,52,CHE,ARS,2,0,3,2,5,0,4,1,3,2,W,L,D,W,W,L,57,34,3,10
6148,27,8,52,ASV,MNU,1,0,2,2,3,1,0,4,4,2,W,L,W,W,D,D,49,34,4,10
6148,27,8,52,BRN,NWC,2,1,0,1,2,1,1,2,3,2,W,L,L,L,L,D,23,38,13,7
6148,27,8,52,SOU,WHU,2,2,0,0,1,3,1,0,1,2,D,D,D,L,D,W,27,46,12,5
6148,27,8,52,TOT,MNC,0,2,1,4,0,0,4,2,1,3,L,W,L,W,L,L,43,66,6,1
6148,27,8,52,BOU,FUL,1,0,0,0,0,3,0,4,0,1,W,L,L,D,D,D,22,26,15,13
6148,27,8,52,FOR,WOL,0,2,0,6,1,1,0,1,1,2,L,W,D,W,D,D,17,40,16,7
6148,27,8,52,CRY,EVE,1,1,0,0,1,0,2,2,1,1,D,D,L,D,W,D,18,33,16,11
6148,27,8,52,LEI,LEE,1,0,0,1,2,1,2,2,2,0,W,L,L,W,W,D,39,23,8,14
6148,27,8,52,LIV,BRI,2,1,3,3,2,0,1,2,3,3,W,L,D,W,W,L,61,38,2,9
6148,28,8,54,FUL,FOR,0,2,0,0,0,0,3,1,4,0,L,W,L,L,D,D,26,20,13,16
6148,28,8,54,MNC,LIV,0,0,2,2,4,3,0,2,2,1,D,D,W,W,W,D,67,62,1,2
6148,28,8,54,LEE,TOT,1,4,0,0,1,1,1,0,2,4,L,W,L,L,W,L,23,46,13,5
6148,28,8,54,WOL,CRY,0,0,2,1,6,0,1,1,1,2,D,D,W,D,W,L,41,19,6,16
6148,28,8,54,EVE,LEI,0,2,1,1,0,0,0,2,2,2,L,W,D,W,D,L,33,42,10,6
6148,28,8,54,MNU,SOU,3,0,0,2,2,0,1,1,4,1,W,L,L,D,W,D,37,27,9,12
6148,28,8,54,ARS,BRN,2,3,0,2,2,0,0,2,1,1,L,W,L,W,W,L,34,26,10,13
6148,28,8,54,BRI,CHE,2,0,1,2,3,3,0,5,2,4,W,L,L,W,W,D,41,57,7,3
6148,28,8,54,WHU,BOU,2,1,2,1,0,0,3,0,0,0,W,L,D,W,L,L,49,22,4,15
6148,28,8,54,NWC,ASV,4,0,1,1,1,2,1,3,2,0,W,L,L,W,L,W,41,49,7,4
6148,29,8,56,BOU,MNU,1,1,1,3,1,0,0,2,0,1,D,D,L,W,W,L,23,38,13,8
6148,29,8,56,FOR,WHU,1,3,2,2,0,2,0,0,1,3,L,W,W,W,L,D,20,52,15,4
6148,29,8,56,SOU,NWC,2,1,0,4,2,1,0,1,1,1,W,L,L,W,D,L,30,41,12,8
6148,29,8,56,BRI,ARS,0,0,2,2,1,0,3,2,0,0,D,D,W,L,L,L,42,35,7,10
6148,29,8,56,TOT,EVE,2,1,4,0,0,1,1,0,0,0,W,L,W,L,L,D,49,33,5,10
6148,29,8,56,LEI,WOL,0,1,2,0,1,2,0,6,2,1,L,W,W,D,W,W,42,44,7,6
6148,29,8,56,ASV,BRN,1,1,0,3,1,2,2,0,3,2,D,D,L,W,W,W,50,27,5,14
6148,29,8,56,CHE,MNC,0,2,0,0,2,2,3,4,5,0,L,W,L,D,W,W,57,70,3,1
6148,29,8,56,CRY,FUL,0,1,0,0,1,0,0,0,1,3,L,W,D,L,D,L,19,29,18,14
6148,29,8,56,LIV,LEE,4,0,0,1,2,0,3,1,2,1,W,L,D,L,W,L,65,23,2,16
6148,30,8,58,LEE,CHE,1,1,0,0,1,0,0,2,1,3,D,D,L,L,L,L,24,58,16,3
6148,30,8,58,BRN,SOU,0,0,1,2,3,0,2,2,0,0,D,D,D,W,W,L,28,31,15,13
6148,30,8,58,MNC,BRI,2,1,2,0,0,2,2,1,4,3,W,L,W,D,D,W,73,42,1,8
6148,30,8,58,FUL,LEI,2,3,1,0,0,2,0,1,0,0,L,W,W,L,L,W,29,45,15,7
6148,30,8,58,NWC,BOU,1,0,1,1,4,1,1,1,1,0,W,L,L,D,W,L,44,23,8,17
6148,30,8,58,MNU,FOR,1,0,1,1,3,2,0,0,2,0,W,L,D,L,W,W,41,20,10,18
6148,30,8,58,WHU,CRY,2,3,3,0,2,0,2,1,0,0,L,W,W,L,W,D,52,22,4,18
6148,30,8,58,EVE,LIV,0,2,1,4,0,0,1,2,0,3,L,W,L,W,L,D,33,68,12,2
6148,30,8,58,WOL,TOT,0,1,1,2,0,4,2,0,6,1,L,W,W,W,D,W,44,52,7,4
6148,30,8,58,ARS,ASV,0,1,0,1,2,0,0,1,2,2,L,W,D,D,L,L,35,53,10,4
6148,31,9,0,CRY,MNU,1,1,3,1,0,1,0,3,1,0,D,D,W,W,L,D,23,42,15,8
6148,31,9,0,LIV,WOL,1,0,2,0,4,1,0,0,2,2,W,L,W,L,W,W,71,44,2,7
6148,31,9,0,TOT,FUL,1,0,1,2,2,1,4,0,0,0,W,L,W,L,W,W,55,29,4,13
6148,31,9,0,BRI,LEE,0,2,1,1,0,0,2,1,1,0,L,W,L,D,D,L,42,27,9,15
6148,31,9,0,LEI,WHU,1,3,3,2,0,3,2,2,1,2,L,W,W,L,L,W,45,55,6,4
6148,31,9,0,BOU,BRN,0,1,0,0,1,1,1,3,1,2,L,W,L,D,D,D,23,31,14,11
6148,31,9,0,MNC,ARS,2,0,2,0,2,0,0,2,2,0,W,L,W,L,W,D,76,35,1,9
6148,31,9,0,SOU,ASV,0,1,0,1,2,1,0,0,2,1,L,W,D,W,W,D,31,56,11,4
6148,31,9,0,CHE,EVE,0,2,1,0,0,1,0,0,2,1,L,W,D,L,L,L,58,36,3,9
6148,31,9,0,FOR,NWC,2,1,0,1,1,1,2,4,0,1,W,L,L,W,L,L,23,44,14,7
6148,32,9,2,BRN,FOR,1,2,1,2,0,0,1,1,3,2,L,W,W,W,D,L,31,26,11,14
6148,32,9,2,ASV,BOU,2,1,1,0,1,0,1,1,0,1,W,L,W,L,W,L,59,23,3,15
6148,32,9,2,NWC,CRY,1,0,1,1,1,3,1,0,4,0,W,L,L,D,W,W,47,23,6,16
6148,32,9,2,LEE,MNC,0,1,2,2,1,2,0,2,1,0,L,W,W,W,D,W,27,79,14,1
6148,32,9,2,MNU,LEI,0,5,1,1,1,3,1,0,3,2,L,W,D,L,W,W,42,48,9,6
6148,32,9,2,WHU,TOT,1,1,3,1,2,1,3,2,2,4,D,D,W,W,L,W,56,56,5,5
6148,32,9,2,FUL,LIV,0,2,0,1,2,2,1,4,0,0,L,W,L,W,L,W,29,74,13,2
6148,32,9,2,EVE,BRI,1,1,2,0,0,1,1,0,0,2,D,D,W,L,L,L,37,43,11,9
6148,32,9,2,WOL,CHE,0,2,0,0,0,1,1,0,0,0,L,W,L,L,L,D,44,61,8,3
6148,32,9,2,ARS,SOU,3,3,0,0,0,0,0,2,2,0,D,D,L,L,L,D,36,32,12,13
6148,33,9,4,LEI,NWC,1,2,5,1,1,1,3,1,0,1,L,W,W,W,L,L,48,50,7,6
6148,33,9,4,MNC,EVE,1,0,1,1,2,2,2,0,2,1,W,L,W,D,W,W,82,37,1,11
6148,33,9,4,TOT,MNU,1,0,1,0,1,1,1,1,2,1,W,L,D,L,W,D,59,42,4,10
6148,33,9,4,CRY,BRN,2,1,0,1,1,1,3,0,0,1,W,L,L,L,D,W,26,31,17,14
6148,33,9,4,FOR,ASV,1,3,2,2,2,1,0,1,1,1,L,W,W,W,W,W,26,62,18,3
6148,33,9,4,CHE,FUL,2,0,2,0,0,0,1,2,0,1,W,L,W,L,L,L,64,29,3,16
6148,33,9,4,LEE,ARS,0,1,0,3,2,0,1,0,0,0,L,W,L,D,W,L,27,39,17,12
6148,33,9,4,BOU,SOU,1,2,1,3,0,0,0,0,1,2,L,W,L,D,L,L,23,35,19,14
6148,33,9,4,BRI,WOL,1,1,1,0,0,0,1,0,0,1,D,D,D,L,L,L,44,45,10,9
6148,33,9,4,LIV,WHU,0,0,2,1,1,3,2,2,4,3,D,D,W,D,W,W,75,57,2,6
6148,34,9,6,BRN,LEI,0,2,1,1,1,5,1,1,0,3,L,W,L,L,L,W,31,51,15,7
6148,34,9,6,MNU,LIV,3,1,0,0,0,2,1,1,1,2,W,L,L,D,L,W,45,75,9,2
6148,34,9,6,NWC,TOT,0,0,2,1,1,1,1,1,1,1,D,D,W,W,W,D,51,60,7,5
6148,34,9,6,FUL,BRI,1,1,0,1,0,1,0,0,2,1,D,D,L,D,L,D,30,45,13,8
6148,34,9,6,WHU,CHE,0,4,0,2,1,2,3,0,2,1,L,W,D,W,D,W,57,67,6,3
6148,34,9,6,ASV,CRY,1,1,3,2,2,0,1,1,1,3,D,D,W,W,W,L,63,27,4,14
6148,34,9,6,WOL,MNC,1,2,1,1,0,1,0,2,0,2,L,W,D,W,L,W,45,85,8,1
6148,34,9,6,ARS,BOU,0,2,1,1,3,1,0,0,0,0,L,W,W,L,D,L,39,26,9,15
6148,34,9,6,EVE,LEE,2,1,0,0,1,0,2,2,0,1,W,L,L,L,D,L,40,27,9,14
6148,34,9,6,SOU,FOR,3,1,2,1,3,2,0,2,0,0,W,L,W,L,D,W,38,26,11,15
6148,35,9,8,MNC,FUL,3,0,2,1,1,0,1,0,2,0,W,L,W,D,W,L,88,30,1,13
6148,35,9,8,LEI,ASV,2,3,2,1,1,3,5,2,1,1,L,W,W,D,L,W,51,66,7,4
6148,35,9,8,EVE,ARS,0,4,2,0,0,1,1,3,2,0,L,W,W,L,L,W,40,42,10,9
6148,35,9,8,FOR,BOU,0,1,1,2,1,1,2,1,2,0,L,W,L,W,L,L,26,29,16,14
6148,35,9,8,CHE,MNU,1,3,4,3,2,0,2,0,0,1,L,W,W,W,W,L,67,48,3,8
6148,35,9,8,LIV,NWC,3,0,1,0,0,2,2,1,1,1,W,L,L,D,D,W,78,51,2,7
6148,35,9,8,BRI,WHU,3,1,1,0,1,0,1,1,0,3,W,L,D,L,D,D,48,57,8,6
6148,35,9,8,CRY,SOU,0,2,1,3,2,2,0,3,1,0,L,W,D,W,W,W,27,41,16,11
6148,35,9,8,LEE,WOL,0,3,1,1,0,1,0,0,2,0,L,W,L,L,L,D,27,48,15,8
6148,35,9,8,TOT,BRN,2,0,0,0,1,1,1,1,1,1,W,L,D,L,W,L,63,31,5,12
6148,36,9,10,MNU,BRI,0,1,3,3,3,1,0,1,0,1,L,W,W,W,W,D,48,51,8,7
6148,36,9,10,ARS,FOR,1,0,4,0,0,1,1,1,3,2,W,L,W,L,L,L,45,26,9,16
6148,36,9,10,FUL,LEE,0,0,0,0,1,1,0,0,0,0,D,D,L,L,D,L,31,28,12,14
6148,36,9,10,SOU,LEI,1,2,2,2,3,2,2,1,3,5,L,W,W,L,W,W,41,54,11,7
6148,36,9,10,ASV,TOT,0,0,3,2,1,0,3,1,2,1,D,D,W,W,D,D,67,64,3,4
6148,36,9,10,NWC,CHE,2,1,0,1,0,4,2,2,1,2,W,L,L,L,D,W,54,67,6,3
6148,36,9,10,BOU,CRY,1,1,1,0,2,1,1,2,1,0,D,D,W,L,W,D,30,28,13,14
6148,36,9,10,WHU,MNC,0,2,1,3,0,2,0,1,1,1,L,W,L,W,L,W,57,91,5,1
6148,36,9,10,BRN,LIV,0,2,0,3,0,1,1,0,1,2,L,W,L,W,L,L,31,81,12,2
6148,36,9,10,WOL,EVE,0,1,3,0,1,2,1,0,0,1,L,W,W,L,L,W,48,43,8,10
6148,37,9,12,BRI,NWC,2,3,1,2,3,0,1,0,1,2,L,W,W,W,W,L,51,57,7,5
6148,37,9,12,EVE,FUL,2,2,1,0,0,0,2,1,0,0,D,D,W,D,L,L,44,32,10,12
6148,37,9,12,LIV,ASV,2,0,2,0,3,3,1,1,0,3,W,L,W,D,W,W,84,67,2,3
6148,37,9,12,CRY,FOR,1,1,1,0,0,0,1,1,2,1,D,D,D,L,L,L,29,27,15,17
6148,37,9,12,CHE,BRN,0,0,1,0,1,0,4,0,2,1,D,D,L,L,L,L,68,32,3,13
6148,37,9,12,MNC,MNU,2,1,2,0,3,3,2,3,1,0,W,L,W,L,W,W,94,48,1,9
6148,37,9,12,TOT,SOU,0,0,0,1,2,2,0,3,1,2,D,D,D,L,W,W,65,42,5,12
6148,37,9,12,LEI,BOU,1,0,2,1,2,1,2,2,1,1,W,L,W,D,L,W,57,30,6,13
6148,37,9,12,WOL,ARS,2,2,0,1,3,4,1,0,1,1,D,D,L,W,W,W,49,46,8,10
6148,37,9,12,LEE,WHU,1,1,0,0,0,1,1,0,0,0,D,D,D,L,L,L,29,58,16,6
6148,38,9,14,ARS,CRY,4,0,2,1,1,1,4,0,0,1,W,L,D,D,W,D,49,29,9,15
6148,38,9,14,SOU,LIV,1,1,0,2,1,2,2,3,3,1,D,D,D,W,L,W,43,85,12,2
6148,38,9,14,BRN,BRI,0,2,0,2,0,1,0,3,0,1,L,W,D,L,L,W,32,54,13,8
6148,38,9,14,ASV,CHE,4,0,0,0,0,1,3,1,1,4,W,L,L,D,D,L,70,68,3,4
6148,38,9,14,BOU,TOT,1,1,0,0,1,0,1,2,2,0,D,D,L,D,D,D,31,66,14,5
6148,38,9,14,FUL,WOL,0,2,2,2,0,0,0,3,1,1,L,W,D,D,D,L,32,52,14,9
6148,38,9,14,MNU,LEE,4,2,1,1,0,0,3,0,3,1,W,L,L,D,L,D,51,29,10,16
6148,38,9,14,FOR,LEI,2,3,1,1,0,2,0,2,1,2,L,W,D,W,L,W,27,60,18,6
6148,38,9,14,NWC,MNC,2,0,3,2,2,2,0,3,0,2,W,L,W,W,W,W,60,94,6,1
6148,38,9,14,WHU,EVE,3,3,1,2,0,1,1,0,0,2,D,D,D,D,L,W,59,45,7,12
